feeder_id,timestamp,demand_kw
FEEDER_001,2026-04-21 00:00:00,705.83
FEEDER_001,2026-04-21 00:15:00,676.26
FEEDER_001,2026-04-21 00:30:00,674.86
FEEDER_001,2026-04-21 00:45:00,674.05
FEEDER_001,2026-04-21 01:00:00,617.18
FEEDER_001,2026-04-21 01:15:00,597.09
FEEDER_001,2026-04-21 01:30:00,615.67
FEEDER_001,2026-04-21 01:45:00,580.53
FEEDER_001,2026-04-21 02:00:00,538.66
FEEDER_001,2026-04-21 02:15:00,547.02
FEEDER_001,2026-04-21 02:30:00,516.71
FEEDER_001,2026-04-21 02:45:00,511.78
FEEDER_001,2026-04-21 03:00:00,526.49
FEEDER_001,2026-04-21 03:15:00,486.07
FEEDER_001,2026-04-21 03:30:00,499.95
FEEDER_001,2026-04-21 03:45:00,539.29
FEEDER_001,2026-04-21 04:00:00,549.52
FEEDER_001,2026-04-21 04:15:00,601.52
FEEDER_001,2026-04-21 04:30:00,604.04
FEEDER_001,2026-04-21 04:45:00,625.3
FEEDER_001,2026-04-21 05:00:00,720.87
FEEDER_001,2026-04-21 05:15:00,723.44
FEEDER_001,2026-04-21 05:30:00,770.38
FEEDER_001,2026-04-21 05:45:00,782.32
FEEDER_001,2026-04-21 06:00:00,846.39
FEEDER_001,2026-04-21 06:15:00,907.84
FEEDER_001,2026-04-21 06:30:00,930.89
FEEDER_001,2026-04-21 06:45:00,1013.97
FEEDER_001,2026-04-21 07:00:00,1045.44
FEEDER_001,2026-04-21 07:15:00,1104.11
FEEDER_001,2026-04-21 07:30:00,1149.07
FEEDER_001,2026-04-21 07:45:00,1250.23
FEEDER_001,2026-04-21 08:00:00,1257.55
FEEDER_001,2026-04-21 08:15:00,1277.62
FEEDER_001,2026-04-21 08:30:00,1353.24
FEEDER_001,2026-04-21 08:45:00,1339.31
FEEDER_001,2026-04-21 09:00:00,1390.08
FEEDER_001,2026-04-21 09:15:00,1356.24
FEEDER_001,2026-04-21 09:30:00,1371.72
FEEDER_001,2026-04-21 09:45:00,1396.42
FEEDER_001,2026-04-21 10:00:00,1391.32
FEEDER_001,2026-04-21 10:15:00,1354.56
FEEDER_001,2026-04-21 10:30:00,1316.43
FEEDER_001,2026-04-21 10:45:00,1274.57
FEEDER_001,2026-04-21 11:00:00,1207.61
FEEDER_001,2026-04-21 11:15:00,1178.7
FEEDER_001,2026-04-21 11:30:00,1138.34
FEEDER_001,2026-04-21 11:45:00,1125.0
FEEDER_001,2026-04-21 12:00:00,1066.76
FEEDER_001,2026-04-21 12:15:00,982.36
FEEDER_001,2026-04-21 12:30:00,990.04
FEEDER_001,2026-04-21 12:45:00,943.64
FEEDER_001,2026-04-21 13:00:00,911.06
FEEDER_001,2026-04-21 13:15:00,916.91
FEEDER_001,2026-04-21 13:30:00,909.76
FEEDER_001,2026-04-21 13:45:00,896.85
FEEDER_001,2026-04-21 14:00:00,853.77
FEEDER_001,2026-04-21 14:15:00,865.95
FEEDER_001,2026-04-21 14:30:00,884.68
FEEDER_001,2026-04-21 14:45:00,907.36
FEEDER_001,2026-04-21 15:00:00,889.48
FEEDER_001,2026-04-21 15:15:00,911.44
FEEDER_001,2026-04-21 15:30:00,910.62
FEEDER_001,2026-04-21 15:45:00,929.54
FEEDER_001,2026-04-21 16:00:00,994.35
FEEDER_001,2026-04-21 16:15:00,1029.71
FEEDER_001,2026-04-21 16:30:00,1024.46
FEEDER_001,2026-04-21 16:45:00,1071.99
FEEDER_001,2026-04-21 17:00:00,1083.07
FEEDER_001,2026-04-21 17:15:00,1085.5
FEEDER_001,2026-04-21 17:30:00,1128.59
FEEDER_001,2026-04-21 17:45:00,1173.06
FEEDER_001,2026-04-21 18:00:00,1157.02
FEEDER_001,2026-04-21 18:15:00,1204.42
FEEDER_001,2026-04-21 18:30:00,1126.69
FEEDER_001,2026-04-21 18:45:00,1205.18
FEEDER_001,2026-04-21 19:00:00,1191.84
FEEDER_001,2026-04-21 19:15:00,1181.63
FEEDER_001,2026-04-21 19:30:00,1183.61
FEEDER_001,2026-04-21 19:45:00,1129.78
FEEDER_001,2026-04-21 20:00:00,1153.1
FEEDER_001,2026-04-21 20:15:00,1148.15
FEEDER_001,2026-04-21 20:30:00,1151.85
FEEDER_001,2026-04-21 20:45:00,1087.85
FEEDER_001,2026-04-21 21:00:00,1058.0
FEEDER_001,2026-04-21 21:15:00,1039.59
FEEDER_001,2026-04-21 21:30:00,1043.97
FEEDER_001,2026-04-21 21:45:00,1006.26
FEEDER_001,2026-04-21 22:00:00,963.31
FEEDER_001,2026-04-21 22:15:00,963.83
FEEDER_001,2026-04-21 22:30:00,934.89
FEEDER_001,2026-04-21 22:45:00,934.46
FEEDER_001,2026-04-21 23:00:00,882.3
FEEDER_001,2026-04-21 23:15:00,874.85
FEEDER_001,2026-04-21 23:30:00,860.01
FEEDER_001,2026-04-21 23:45:00,825.85
FEEDER_001,2026-04-22 00:00:00,701.62
FEEDER_001,2026-04-22 00:15:00,684.64
FEEDER_001,2026-04-22 00:30:00,661.36
FEEDER_001,2026-04-22 00:45:00,637.14
FEEDER_001,2026-04-22 01:00:00,592.38
FEEDER_001,2026-04-22 01:15:00,593.17
FEEDER_001,2026-04-22 01:30:00,575.31
FEEDER_001,2026-04-22 01:45:00,547.56
FEEDER_001,2026-04-22 02:00:00,545.13
FEEDER_001,2026-04-22 02:15:00,544.11
FEEDER_001,2026-04-22 02:30:00,566.05
FEEDER_001,2026-04-22 02:45:00,525.22
FEEDER_001,2026-04-22 03:00:00,526.81
FEEDER_001,2026-04-22 03:15:00,524.69
FEEDER_001,2026-04-22 03:30:00,495.88
FEEDER_001,2026-04-22 03:45:00,550.54
FEEDER_001,2026-04-22 04:00:00,572.05
FEEDER_001,2026-04-22 04:15:00,646.65
FEEDER_001,2026-04-22 04:30:00,619.07
FEEDER_001,2026-04-22 04:45:00,661.29
FEEDER_001,2026-04-22 05:00:00,689.36
FEEDER_001,2026-04-22 05:15:00,703.64
FEEDER_001,2026-04-22 05:30:00,792.97
FEEDER_001,2026-04-22 05:45:00,828.03
FEEDER_001,2026-04-22 06:00:00,874.43
FEEDER_001,2026-04-22 06:15:00,886.42
FEEDER_001,2026-04-22 06:30:00,984.52
FEEDER_001,2026-04-22 06:45:00,976.64
FEEDER_001,2026-04-22 07:00:00,1070.38
FEEDER_001,2026-04-22 07:15:00,1156.24
FEEDER_001,2026-04-22 07:30:00,1140.91
FEEDER_001,2026-04-22 07:45:00,1199.44
FEEDER_001,2026-04-22 08:00:00,1259.93
FEEDER_001,2026-04-22 08:15:00,1289.26
FEEDER_001,2026-04-22 08:30:00,1303.4
FEEDER_001,2026-04-22 08:45:00,1366.39
FEEDER_001,2026-04-22 09:00:00,1363.38
FEEDER_001,2026-04-22 09:15:00,1407.34
FEEDER_001,2026-04-22 09:30:00,1380.3
FEEDER_001,2026-04-22 09:45:00,1424.84
FEEDER_001,2026-04-22 10:00:00,1359.37
FEEDER_001,2026-04-22 10:15:00,1344.2
FEEDER_001,2026-04-22 10:30:00,1335.94
FEEDER_001,2026-04-22 10:45:00,1255.04
FEEDER_001,2026-04-22 11:00:00,1243.43
FEEDER_001,2026-04-22 11:15:00,1221.26
FEEDER_001,2026-04-22 11:30:00,1114.26
FEEDER_001,2026-04-22 11:45:00,1106.68
FEEDER_001,2026-04-22 12:00:00,1065.0
FEEDER_001,2026-04-22 12:15:00,1035.81
FEEDER_001,2026-04-22 12:30:00,957.26
FEEDER_001,2026-04-22 12:45:00,924.0
FEEDER_001,2026-04-22 13:00:00,936.23
FEEDER_001,2026-04-22 13:15:00,910.3
FEEDER_001,2026-04-22 13:30:00,893.37
FEEDER_001,2026-04-22 13:45:00,884.57
FEEDER_001,2026-04-22 14:00:00,857.11
FEEDER_001,2026-04-22 14:15:00,877.33
FEEDER_001,2026-04-22 14:30:00,883.88
FEEDER_001,2026-04-22 14:45:00,871.87
FEEDER_001,2026-04-22 15:00:00,938.72
FEEDER_001,2026-04-22 15:15:00,925.29
FEEDER_001,2026-04-22 15:30:00,908.83
FEEDER_001,2026-04-22 15:45:00,968.44
FEEDER_001,2026-04-22 16:00:00,956.82
FEEDER_001,2026-04-22 16:15:00,1017.76
FEEDER_001,2026-04-22 16:30:00,1050.3
FEEDER_001,2026-04-22 16:45:00,1033.68
FEEDER_001,2026-04-22 17:00:00,1095.71
FEEDER_001,2026-04-22 17:15:00,1107.71
FEEDER_001,2026-04-22 17:30:00,1138.26
FEEDER_001,2026-04-22 17:45:00,1180.59
FEEDER_001,2026-04-22 18:00:00,1152.62
FEEDER_001,2026-04-22 18:15:00,1155.73
FEEDER_001,2026-04-22 18:30:00,1163.03
FEEDER_001,2026-04-22 18:45:00,1170.79
FEEDER_001,2026-04-22 19:00:00,1188.39
FEEDER_001,2026-04-22 19:15:00,1195.07
FEEDER_001,2026-04-22 19:30:00,1187.5
FEEDER_001,2026-04-22 19:45:00,1188.89
FEEDER_001,2026-04-22 20:00:00,1157.98
FEEDER_001,2026-04-22 20:15:00,1171.17
FEEDER_001,2026-04-22 20:30:00,1115.26
FEEDER_001,2026-04-22 20:45:00,1155.86
FEEDER_001,2026-04-22 21:00:00,1088.12
FEEDER_001,2026-04-22 21:15:00,1032.13
FEEDER_001,2026-04-22 21:30:00,1002.25
FEEDER_001,2026-04-22 21:45:00,1009.48
FEEDER_001,2026-04-22 22:00:00,969.74
FEEDER_001,2026-04-22 22:15:00,968.04
FEEDER_001,2026-04-22 22:30:00,942.79
FEEDER_001,2026-04-22 22:45:00,912.59
FEEDER_001,2026-04-22 23:00:00,879.26
FEEDER_001,2026-04-22 23:15:00,849.92
FEEDER_001,2026-04-22 23:30:00,858.87
FEEDER_001,2026-04-22 23:45:00,874.57
FEEDER_001,2026-04-23 00:00:00,699.9
FEEDER_001,2026-04-23 00:15:00,653.0
FEEDER_001,2026-04-23 00:30:00,664.89
FEEDER_001,2026-04-23 00:45:00,650.15
FEEDER_001,2026-04-23 01:00:00,603.54
FEEDER_001,2026-04-23 01:15:00,605.23
FEEDER_001,2026-04-23 01:30:00,583.73
FEEDER_001,2026-04-23 01:45:00,540.41
FEEDER_001,2026-04-23 02:00:00,556.03
FEEDER_001,2026-04-23 02:15:00,547.4
FEEDER_001,2026-04-23 02:30:00,549.19
FEEDER_001,2026-04-23 02:45:00,543.69
FEEDER_001,2026-04-23 03:00:00,492.47
FEEDER_001,2026-04-23 03:15:00,506.56
FEEDER_001,2026-04-23 03:30:00,546.99
FEEDER_001,2026-04-23 03:45:00,561.89
FEEDER_001,2026-04-23 04:00:00,581.6
FEEDER_001,2026-04-23 04:15:00,675.83
FEEDER_001,2026-04-23 04:30:00,635.1
FEEDER_001,2026-04-23 04:45:00,678.81
FEEDER_001,2026-04-23 05:00:00,710.12
FEEDER_001,2026-04-23 05:15:00,741.86
FEEDER_001,2026-04-23 05:30:00,762.35
FEEDER_001,2026-04-23 05:45:00,828.18
FEEDER_001,2026-04-23 06:00:00,841.59
FEEDER_001,2026-04-23 06:15:00,900.54
FEEDER_001,2026-04-23 06:30:00,944.86
FEEDER_001,2026-04-23 06:45:00,1007.8
FEEDER_001,2026-04-23 07:00:00,1106.66
FEEDER_001,2026-04-23 07:15:00,1071.03
FEEDER_001,2026-04-23 07:30:00,1176.12
FEEDER_001,2026-04-23 07:45:00,1177.47
FEEDER_001,2026-04-23 08:00:00,1247.92
FEEDER_001,2026-04-23 08:15:00,1322.7
FEEDER_001,2026-04-23 08:30:00,1337.32
FEEDER_001,2026-04-23 08:45:00,1342.32
FEEDER_001,2026-04-23 09:00:00,1370.67
FEEDER_001,2026-04-23 09:15:00,1411.67
FEEDER_001,2026-04-23 09:30:00,1384.27
FEEDER_001,2026-04-23 09:45:00,1396.84
FEEDER_001,2026-04-23 10:00:00,1376.77
FEEDER_001,2026-04-23 10:15:00,1337.28
FEEDER_001,2026-04-23 10:30:00,1363.88
FEEDER_001,2026-04-23 10:45:00,1294.2
FEEDER_001,2026-04-23 11:00:00,1196.13
FEEDER_001,2026-04-23 11:15:00,1197.73
FEEDER_001,2026-04-23 11:30:00,1134.12
FEEDER_001,2026-04-23 11:45:00,1120.7
FEEDER_001,2026-04-23 12:00:00,1042.9
FEEDER_001,2026-04-23 12:15:00,1016.98
FEEDER_001,2026-04-23 12:30:00,993.84
FEEDER_001,2026-04-23 12:45:00,969.91
FEEDER_001,2026-04-23 13:00:00,900.07
FEEDER_001,2026-04-23 13:15:00,897.04
FEEDER_001,2026-04-23 13:30:00,878.13
FEEDER_001,2026-04-23 13:45:00,863.57
FEEDER_001,2026-04-23 14:00:00,908.47
FEEDER_001,2026-04-23 14:15:00,880.95
FEEDER_001,2026-04-23 14:30:00,851.24
FEEDER_001,2026-04-23 14:45:00,906.15
FEEDER_001,2026-04-23 15:00:00,944.11
FEEDER_001,2026-04-23 15:15:00,937.02
FEEDER_001,2026-04-23 15:30:00,901.94
FEEDER_001,2026-04-23 15:45:00,944.49
FEEDER_001,2026-04-23 16:00:00,1003.89
FEEDER_001,2026-04-23 16:15:00,986.37
FEEDER_001,2026-04-23 16:30:00,1035.29
FEEDER_001,2026-04-23 16:45:00,1067.18
FEEDER_001,2026-04-23 17:00:00,1056.01
FEEDER_001,2026-04-23 17:15:00,1097.79
FEEDER_001,2026-04-23 17:30:00,1052.93
FEEDER_001,2026-04-23 17:45:00,1119.25
FEEDER_001,2026-04-23 18:00:00,1152.47
FEEDER_001,2026-04-23 18:15:00,1145.35
FEEDER_001,2026-04-23 18:30:00,1215.99
FEEDER_001,2026-04-23 18:45:00,1157.88
FEEDER_001,2026-04-23 19:00:00,1180.77
FEEDER_001,2026-04-23 19:15:00,1190.65
FEEDER_001,2026-04-23 19:30:00,1211.95
FEEDER_001,2026-04-23 19:45:00,1141.37
FEEDER_001,2026-04-23 20:00:00,1182.14
FEEDER_001,2026-04-23 20:15:00,1140.86
FEEDER_001,2026-04-23 20:30:00,1100.2
FEEDER_001,2026-04-23 20:45:00,1108.44
FEEDER_001,2026-04-23 21:00:00,1079.16
FEEDER_001,2026-04-23 21:15:00,1037.53
FEEDER_001,2026-04-23 21:30:00,1026.21
FEEDER_001,2026-04-23 21:45:00,991.26
FEEDER_001,2026-04-23 22:00:00,976.82
FEEDER_001,2026-04-23 22:15:00,966.95
FEEDER_001,2026-04-23 22:30:00,966.16
FEEDER_001,2026-04-23 22:45:00,888.13
FEEDER_001,2026-04-23 23:00:00,941.84
FEEDER_001,2026-04-23 23:15:00,840.74
FEEDER_001,2026-04-23 23:30:00,865.06
FEEDER_001,2026-04-23 23:45:00,868.94
FEEDER_001,2026-04-24 00:00:00,701.3
FEEDER_001,2026-04-24 00:15:00,666.08
FEEDER_001,2026-04-24 00:30:00,656.88
FEEDER_001,2026-04-24 00:45:00,631.71
FEEDER_001,2026-04-24 01:00:00,609.72
FEEDER_001,2026-04-24 01:15:00,619.85
FEEDER_001,2026-04-24 01:30:00,590.01
FEEDER_001,2026-04-24 01:45:00,549.86
FEEDER_001,2026-04-24 02:00:00,567.41
FEEDER_001,2026-04-24 02:15:00,542.08
FEEDER_001,2026-04-24 02:30:00,543.51
FEEDER_001,2026-04-24 02:45:00,534.78
FEEDER_001,2026-04-24 03:00:00,504.0
FEEDER_001,2026-04-24 03:15:00,514.49
FEEDER_001,2026-04-24 03:30:00,551.87
FEEDER_001,2026-04-24 03:45:00,563.92
FEEDER_001,2026-04-24 04:00:00,570.35
FEEDER_001,2026-04-24 04:15:00,597.39
FEEDER_001,2026-04-24 04:30:00,649.94
FEEDER_001,2026-04-24 04:45:00,642.54
FEEDER_001,2026-04-24 05:00:00,701.58
FEEDER_001,2026-04-24 05:15:00,723.93
FEEDER_001,2026-04-24 05:30:00,764.4
FEEDER_001,2026-04-24 05:45:00,835.32
FEEDER_001,2026-04-24 06:00:00,875.15
FEEDER_001,2026-04-24 06:15:00,922.6
FEEDER_001,2026-04-24 06:30:00,982.47
FEEDER_001,2026-04-24 06:45:00,1006.52
FEEDER_001,2026-04-24 07:00:00,1072.37
FEEDER_001,2026-04-24 07:15:00,1103.72
FEEDER_001,2026-04-24 07:30:00,1168.52
FEEDER_001,2026-04-24 07:45:00,1208.6
FEEDER_001,2026-04-24 08:00:00,1259.87
FEEDER_001,2026-04-24 08:15:00,1312.33
FEEDER_001,2026-04-24 08:30:00,1318.79
FEEDER_001,2026-04-24 08:45:00,1408.89
FEEDER_001,2026-04-24 09:00:00,1364.57
FEEDER_001,2026-04-24 09:15:00,1371.9
FEEDER_001,2026-04-24 09:30:00,1423.93
FEEDER_001,2026-04-24 09:45:00,1408.91
FEEDER_001,2026-04-24 10:00:00,1388.92
FEEDER_001,2026-04-24 10:15:00,1364.16
FEEDER_001,2026-04-24 10:30:00,1318.6
FEEDER_001,2026-04-24 10:45:00,1262.05
FEEDER_001,2026-04-24 11:00:00,1240.25
FEEDER_001,2026-04-24 11:15:00,1179.59
FEEDER_001,2026-04-24 11:30:00,1168.49
FEEDER_001,2026-04-24 11:45:00,1099.71
FEEDER_001,2026-04-24 12:00:00,1042.21
FEEDER_001,2026-04-24 12:15:00,1012.64
FEEDER_001,2026-04-24 12:30:00,991.91
FEEDER_001,2026-04-24 12:45:00,939.89
FEEDER_001,2026-04-24 13:00:00,908.01
FEEDER_001,2026-04-24 13:15:00,909.18
FEEDER_001,2026-04-24 13:30:00,893.25
FEEDER_001,2026-04-24 13:45:00,866.65
FEEDER_001,2026-04-24 14:00:00,861.5
FEEDER_001,2026-04-24 14:15:00,877.32
FEEDER_001,2026-04-24 14:30:00,847.31
FEEDER_001,2026-04-24 14:45:00,857.32
FEEDER_001,2026-04-24 15:00:00,884.45
FEEDER_001,2026-04-24 15:15:00,910.85
FEEDER_001,2026-04-24 15:30:00,940.38
FEEDER_001,2026-04-24 15:45:00,985.64
FEEDER_001,2026-04-24 16:00:00,995.29
FEEDER_001,2026-04-24 16:15:00,997.88
FEEDER_001,2026-04-24 16:30:00,1025.57
FEEDER_001,2026-04-24 16:45:00,1029.86
FEEDER_001,2026-04-24 17:00:00,1075.09
FEEDER_001,2026-04-24 17:15:00,1092.98
FEEDER_001,2026-04-24 17:30:00,1127.78
FEEDER_001,2026-04-24 17:45:00,1123.39
FEEDER_001,2026-04-24 18:00:00,1168.68
FEEDER_001,2026-04-24 18:15:00,1203.75
FEEDER_001,2026-04-24 18:30:00,1179.42
FEEDER_001,2026-04-24 18:45:00,1196.35
FEEDER_001,2026-04-24 19:00:00,1204.5
FEEDER_001,2026-04-24 19:15:00,1179.48
FEEDER_001,2026-04-24 19:30:00,1186.39
FEEDER_001,2026-04-24 19:45:00,1171.78
FEEDER_001,2026-04-24 20:00:00,1159.76
FEEDER_001,2026-04-24 20:15:00,1124.42
FEEDER_001,2026-04-24 20:30:00,1121.33
FEEDER_001,2026-04-24 20:45:00,1109.19
FEEDER_001,2026-04-24 21:00:00,1105.46
FEEDER_001,2026-04-24 21:15:00,1070.27
FEEDER_001,2026-04-24 21:30:00,1069.96
FEEDER_001,2026-04-24 21:45:00,983.24
FEEDER_001,2026-04-24 22:00:00,992.75
FEEDER_001,2026-04-24 22:15:00,956.9
FEEDER_001,2026-04-24 22:30:00,978.84
FEEDER_001,2026-04-24 22:45:00,897.15
FEEDER_001,2026-04-24 23:00:00,879.41
FEEDER_001,2026-04-24 23:15:00,869.14
FEEDER_001,2026-04-24 23:30:00,823.65
FEEDER_001,2026-04-24 23:45:00,845.54
FEEDER_001,2026-04-25 00:00:00,436.07
FEEDER_001,2026-04-25 00:15:00,444.61
FEEDER_001,2026-04-25 00:30:00,436.99
FEEDER_001,2026-04-25 00:45:00,456.74
FEEDER_001,2026-04-25 01:00:00,424.32
FEEDER_001,2026-04-25 01:15:00,379.19
FEEDER_001,2026-04-25 01:30:00,359.76
FEEDER_001,2026-04-25 01:45:00,377.2
FEEDER_001,2026-04-25 02:00:00,328.81
FEEDER_001,2026-04-25 02:15:00,386.62
FEEDER_001,2026-04-25 02:30:00,366.96
FEEDER_001,2026-04-25 02:45:00,329.16
FEEDER_001,2026-04-25 03:00:00,302.94
FEEDER_001,2026-04-25 03:15:00,370.49
FEEDER_001,2026-04-25 03:30:00,346.11
FEEDER_001,2026-04-25 03:45:00,384.21
FEEDER_001,2026-04-25 04:00:00,337.53
FEEDER_001,2026-04-25 04:15:00,374.11
FEEDER_001,2026-04-25 04:30:00,405.13
FEEDER_001,2026-04-25 04:45:00,426.71
FEEDER_001,2026-04-25 05:00:00,439.11
FEEDER_001,2026-04-25 05:15:00,486.4
FEEDER_001,2026-04-25 05:30:00,477.41
FEEDER_001,2026-04-25 05:45:00,524.97
FEEDER_001,2026-04-25 06:00:00,560.11
FEEDER_001,2026-04-25 06:15:00,599.39
FEEDER_001,2026-04-25 06:30:00,635.73
FEEDER_001,2026-04-25 06:45:00,630.34
FEEDER_001,2026-04-25 07:00:00,655.52
FEEDER_001,2026-04-25 07:15:00,748.49
FEEDER_001,2026-04-25 07:30:00,762.09
FEEDER_001,2026-04-25 07:45:00,771.65
FEEDER_001,2026-04-25 08:00:00,850.17
FEEDER_001,2026-04-25 08:15:00,847.32
FEEDER_001,2026-04-25 08:30:00,893.14
FEEDER_001,2026-04-25 08:45:00,888.63
FEEDER_001,2026-04-25 09:00:00,943.98
FEEDER_001,2026-04-25 09:15:00,945.17
FEEDER_001,2026-04-25 09:30:00,904.52
FEEDER_001,2026-04-25 09:45:00,925.39
FEEDER_001,2026-04-25 10:00:00,907.83
FEEDER_001,2026-04-25 10:15:00,906.87
FEEDER_001,2026-04-25 10:30:00,836.99
FEEDER_001,2026-04-25 10:45:00,846.99
FEEDER_001,2026-04-25 11:00:00,827.35
FEEDER_001,2026-04-25 11:15:00,739.05
FEEDER_001,2026-04-25 11:30:00,721.36
FEEDER_001,2026-04-25 11:45:00,674.0
FEEDER_001,2026-04-25 12:00:00,683.04
FEEDER_001,2026-04-25 12:15:00,677.67
FEEDER_001,2026-04-25 12:30:00,670.65
FEEDER_001,2026-04-25 12:45:00,620.18
FEEDER_001,2026-04-25 13:00:00,635.63
FEEDER_001,2026-04-25 13:15:00,558.66
FEEDER_001,2026-04-25 13:30:00,541.5
FEEDER_001,2026-04-25 13:45:00,569.07
FEEDER_001,2026-04-25 14:00:00,574.47
FEEDER_001,2026-04-25 14:15:00,566.4
FEEDER_001,2026-04-25 14:30:00,527.1
FEEDER_001,2026-04-25 14:45:00,574.6
FEEDER_001,2026-04-25 15:00:00,557.31
FEEDER_001,2026-04-25 15:15:00,609.03
FEEDER_001,2026-04-25 15:30:00,614.7
FEEDER_001,2026-04-25 15:45:00,600.79
FEEDER_001,2026-04-25 16:00:00,624.44
FEEDER_001,2026-04-25 16:15:00,628.56
FEEDER_001,2026-04-25 16:30:00,665.56
FEEDER_001,2026-04-25 16:45:00,703.15
FEEDER_001,2026-04-25 17:00:00,678.36
FEEDER_001,2026-04-25 17:15:00,724.96
FEEDER_001,2026-04-25 17:30:00,717.52
FEEDER_001,2026-04-25 17:45:00,724.84
FEEDER_001,2026-04-25 18:00:00,750.31
FEEDER_001,2026-04-25 18:15:00,739.77
FEEDER_001,2026-04-25 18:30:00,756.48
FEEDER_001,2026-04-25 18:45:00,746.99
FEEDER_001,2026-04-25 19:00:00,814.76
FEEDER_001,2026-04-25 19:15:00,772.88
FEEDER_001,2026-04-25 19:30:00,753.4
FEEDER_001,2026-04-25 19:45:00,765.98
FEEDER_001,2026-04-25 20:00:00,750.15
FEEDER_001,2026-04-25 20:15:00,736.78
FEEDER_001,2026-04-25 20:30:00,741.43
FEEDER_001,2026-04-25 20:45:00,730.09
FEEDER_001,2026-04-25 21:00:00,687.6
FEEDER_001,2026-04-25 21:15:00,670.49
FEEDER_001,2026-04-25 21:30:00,660.31
FEEDER_001,2026-04-25 21:45:00,601.24
FEEDER_001,2026-04-25 22:00:00,601.56
FEEDER_001,2026-04-25 22:15:00,648.18
FEEDER_001,2026-04-25 22:30:00,640.9
FEEDER_001,2026-04-25 22:45:00,588.95
FEEDER_001,2026-04-25 23:00:00,595.18
FEEDER_001,2026-04-25 23:15:00,579.66
FEEDER_001,2026-04-25 23:30:00,629.02
FEEDER_001,2026-04-25 23:45:00,580.29
FEEDER_001,2026-04-26 00:00:00,449.33
FEEDER_001,2026-04-26 00:15:00,421.39
FEEDER_001,2026-04-26 00:30:00,396.08
FEEDER_001,2026-04-26 00:45:00,421.61
FEEDER_001,2026-04-26 01:00:00,388.48
FEEDER_001,2026-04-26 01:15:00,361.44
FEEDER_001,2026-04-26 01:30:00,365.05
FEEDER_001,2026-04-26 01:45:00,344.15
FEEDER_001,2026-04-26 02:00:00,391.97
FEEDER_001,2026-04-26 02:15:00,366.67
FEEDER_001,2026-04-26 02:30:00,342.02
FEEDER_001,2026-04-26 02:45:00,370.09
FEEDER_001,2026-04-26 03:00:00,340.54
FEEDER_001,2026-04-26 03:15:00,323.98
FEEDER_001,2026-04-26 03:30:00,380.5
FEEDER_001,2026-04-26 03:45:00,369.53
FEEDER_001,2026-04-26 04:00:00,349.23
FEEDER_001,2026-04-26 04:15:00,382.7
FEEDER_001,2026-04-26 04:30:00,386.64
FEEDER_001,2026-04-26 04:45:00,396.69
FEEDER_001,2026-04-26 05:00:00,468.01
FEEDER_001,2026-04-26 05:15:00,513.41
FEEDER_001,2026-04-26 05:30:00,470.46
FEEDER_001,2026-04-26 05:45:00,539.78
FEEDER_001,2026-04-26 06:00:00,543.92
FEEDER_001,2026-04-26 06:15:00,578.35
FEEDER_001,2026-04-26 06:30:00,608.35
FEEDER_001,2026-04-26 06:45:00,635.81
FEEDER_001,2026-04-26 07:00:00,688.75
FEEDER_001,2026-04-26 07:15:00,704.21
FEEDER_001,2026-04-26 07:30:00,760.79
FEEDER_001,2026-04-26 07:45:00,786.31
FEEDER_001,2026-04-26 08:00:00,812.57
FEEDER_001,2026-04-26 08:15:00,825.83
FEEDER_001,2026-04-26 08:30:00,856.27
FEEDER_001,2026-04-26 08:45:00,903.08
FEEDER_001,2026-04-26 09:00:00,911.22
FEEDER_001,2026-04-26 09:15:00,887.78
FEEDER_001,2026-04-26 09:30:00,911.83
FEEDER_001,2026-04-26 09:45:00,920.77
FEEDER_001,2026-04-26 10:00:00,859.22
FEEDER_001,2026-04-26 10:15:00,889.54
FEEDER_001,2026-04-26 10:30:00,843.34
FEEDER_001,2026-04-26 10:45:00,844.56
FEEDER_001,2026-04-26 11:00:00,789.1
FEEDER_001,2026-04-26 11:15:00,738.08
FEEDER_001,2026-04-26 11:30:00,712.03
FEEDER_001,2026-04-26 11:45:00,717.83
FEEDER_001,2026-04-26 12:00:00,694.16
FEEDER_001,2026-04-26 12:15:00,643.61
FEEDER_001,2026-04-26 12:30:00,652.51
FEEDER_001,2026-04-26 12:45:00,583.73
FEEDER_001,2026-04-26 13:00:00,600.04
FEEDER_001,2026-04-26 13:15:00,562.21
FEEDER_001,2026-04-26 13:30:00,563.58
FEEDER_001,2026-04-26 13:45:00,571.24
FEEDER_001,2026-04-26 14:00:00,548.34
FEEDER_001,2026-04-26 14:15:00,559.02
FEEDER_001,2026-04-26 14:30:00,591.65
FEEDER_001,2026-04-26 14:45:00,564.35
FEEDER_001,2026-04-26 15:00:00,602.25
FEEDER_001,2026-04-26 15:15:00,571.24
FEEDER_001,2026-04-26 15:30:00,618.13
FEEDER_001,2026-04-26 15:45:00,650.8
FEEDER_001,2026-04-26 16:00:00,583.33
FEEDER_001,2026-04-26 16:15:00,634.07
FEEDER_001,2026-04-26 16:30:00,679.0
FEEDER_001,2026-04-26 16:45:00,678.83
FEEDER_001,2026-04-26 17:00:00,706.85
FEEDER_001,2026-04-26 17:15:00,701.69
FEEDER_001,2026-04-26 17:30:00,730.47
FEEDER_001,2026-04-26 17:45:00,738.23
FEEDER_001,2026-04-26 18:00:00,777.08
FEEDER_001,2026-04-26 18:15:00,766.86
FEEDER_001,2026-04-26 18:30:00,775.2
FEEDER_001,2026-04-26 18:45:00,763.5
FEEDER_001,2026-04-26 19:00:00,763.26
FEEDER_001,2026-04-26 19:15:00,763.06
FEEDER_001,2026-04-26 19:30:00,776.38
FEEDER_001,2026-04-26 19:45:00,752.65
FEEDER_001,2026-04-26 20:00:00,758.6
FEEDER_001,2026-04-26 20:15:00,785.01
FEEDER_001,2026-04-26 20:30:00,746.82
FEEDER_001,2026-04-26 20:45:00,707.33
FEEDER_001,2026-04-26 21:00:00,723.96
FEEDER_001,2026-04-26 21:15:00,674.02
FEEDER_001,2026-04-26 21:30:00,623.28
FEEDER_001,2026-04-26 21:45:00,628.41
FEEDER_001,2026-04-26 22:00:00,594.1
FEEDER_001,2026-04-26 22:15:00,612.1
FEEDER_001,2026-04-26 22:30:00,606.74
FEEDER_001,2026-04-26 22:45:00,629.38
FEEDER_001,2026-04-26 23:00:00,589.94
FEEDER_001,2026-04-26 23:15:00,568.52
FEEDER_001,2026-04-26 23:30:00,581.78
FEEDER_001,2026-04-26 23:45:00,510.35
FEEDER_001,2026-04-27 00:00:00,700.35
FEEDER_001,2026-04-27 00:15:00,695.35
FEEDER_001,2026-04-27 00:30:00,630.2
FEEDER_001,2026-04-27 00:45:00,666.08
FEEDER_001,2026-04-27 01:00:00,629.21
FEEDER_001,2026-04-27 01:15:00,593.28
FEEDER_001,2026-04-27 01:30:00,595.8
FEEDER_001,2026-04-27 01:45:00,612.09
FEEDER_001,2026-04-27 02:00:00,552.34
FEEDER_001,2026-04-27 02:15:00,540.84
FEEDER_001,2026-04-27 02:30:00,516.79
FEEDER_001,2026-04-27 02:45:00,503.71
FEEDER_001,2026-04-27 03:00:00,538.84
FEEDER_001,2026-04-27 03:15:00,508.27
FEEDER_001,2026-04-27 03:30:00,537.68
FEEDER_001,2026-04-27 03:45:00,541.07
FEEDER_001,2026-04-27 04:00:00,580.85
FEEDER_001,2026-04-27 04:15:00,601.93
FEEDER_001,2026-04-27 04:30:00,644.9
FEEDER_001,2026-04-27 04:45:00,644.25
FEEDER_001,2026-04-27 05:00:00,684.42
FEEDER_001,2026-04-27 05:15:00,707.63
FEEDER_001,2026-04-27 05:30:00,759.64
FEEDER_001,2026-04-27 05:45:00,820.16
FEEDER_001,2026-04-27 06:00:00,873.72
FEEDER_001,2026-04-27 06:15:00,886.15
FEEDER_001,2026-04-27 06:30:00,973.32
FEEDER_001,2026-04-27 06:45:00,1034.55
FEEDER_001,2026-04-27 07:00:00,1066.73
FEEDER_001,2026-04-27 07:15:00,1149.65
FEEDER_001,2026-04-27 07:30:00,1145.46
FEEDER_001,2026-04-27 07:45:00,1185.2
FEEDER_001,2026-04-27 08:00:00,1220.48
FEEDER_001,2026-04-27 08:15:00,1331.25
FEEDER_001,2026-04-27 08:30:00,1349.71
FEEDER_001,2026-04-27 08:45:00,1363.78
FEEDER_001,2026-04-27 09:00:00,1391.57
FEEDER_001,2026-04-27 09:15:00,1373.76
FEEDER_001,2026-04-27 09:30:00,1450.97
FEEDER_001,2026-04-27 09:45:00,1395.0
FEEDER_001,2026-04-27 10:00:00,1378.11
FEEDER_001,2026-04-27 10:15:00,1366.2
FEEDER_001,2026-04-27 10:30:00,1328.96
FEEDER_001,2026-04-27 10:45:00,1285.59
FEEDER_001,2026-04-27 11:00:00,1222.06
FEEDER_001,2026-04-27 11:15:00,1203.72
FEEDER_001,2026-04-27 11:30:00,1187.54
FEEDER_001,2026-04-27 11:45:00,1131.05
FEEDER_001,2026-04-27 12:00:00,1093.0
FEEDER_001,2026-04-27 12:15:00,1008.65
FEEDER_001,2026-04-27 12:30:00,962.45
FEEDER_001,2026-04-27 12:45:00,949.09
FEEDER_001,2026-04-27 13:00:00,926.44
FEEDER_001,2026-04-27 13:15:00,927.04
FEEDER_001,2026-04-27 13:30:00,852.57
FEEDER_001,2026-04-27 13:45:00,909.41
FEEDER_001,2026-04-27 14:00:00,868.08
FEEDER_001,2026-04-27 14:15:00,863.48
FEEDER_001,2026-04-27 14:30:00,856.47
FEEDER_001,2026-04-27 14:45:00,852.12
FEEDER_001,2026-04-27 15:00:00,916.83
FEEDER_001,2026-04-27 15:15:00,916.87
FEEDER_001,2026-04-27 15:30:00,906.76
FEEDER_001,2026-04-27 15:45:00,927.46
FEEDER_001,2026-04-27 16:00:00,970.23
FEEDER_001,2026-04-27 16:15:00,1036.28
FEEDER_001,2026-04-27 16:30:00,1020.52
FEEDER_001,2026-04-27 16:45:00,1019.35
FEEDER_001,2026-04-27 17:00:00,1070.32
FEEDER_001,2026-04-27 17:15:00,1093.32
FEEDER_001,2026-04-27 17:30:00,1064.37
FEEDER_001,2026-04-27 17:45:00,1139.62
FEEDER_001,2026-04-27 18:00:00,1152.93
FEEDER_001,2026-04-27 18:15:00,1186.18
FEEDER_001,2026-04-27 18:30:00,1220.53
FEEDER_001,2026-04-27 18:45:00,1211.58
FEEDER_001,2026-04-27 19:00:00,1184.36
FEEDER_001,2026-04-27 19:15:00,1164.67
FEEDER_001,2026-04-27 19:30:00,1235.73
FEEDER_001,2026-04-27 19:45:00,1172.76
FEEDER_001,2026-04-27 20:00:00,1158.0
FEEDER_001,2026-04-27 20:15:00,1140.14
FEEDER_001,2026-04-27 20:30:00,1124.97
FEEDER_001,2026-04-27 20:45:00,1095.7
FEEDER_001,2026-04-27 21:00:00,1062.94
FEEDER_001,2026-04-27 21:15:00,1038.65
FEEDER_001,2026-04-27 21:30:00,1024.06
FEEDER_001,2026-04-27 21:45:00,987.94
FEEDER_001,2026-04-27 22:00:00,959.47
FEEDER_001,2026-04-27 22:15:00,955.28
FEEDER_001,2026-04-27 22:30:00,927.5
FEEDER_001,2026-04-27 22:45:00,945.71
FEEDER_001,2026-04-27 23:00:00,841.37
FEEDER_001,2026-04-27 23:15:00,904.65
FEEDER_001,2026-04-27 23:30:00,894.42
FEEDER_001,2026-04-27 23:45:00,813.04
FEEDER_002,2026-04-21 00:00:00,283.68
FEEDER_002,2026-04-21 00:15:00,276.34
FEEDER_002,2026-04-21 00:30:00,256.2
FEEDER_002,2026-04-21 00:45:00,255.5
FEEDER_002,2026-04-21 01:00:00,242.91
FEEDER_002,2026-04-21 01:15:00,268.62
FEEDER_002,2026-04-21 01:30:00,250.42
FEEDER_002,2026-04-21 01:45:00,246.65
FEEDER_002,2026-04-21 02:00:00,233.19
FEEDER_002,2026-04-21 02:15:00,205.38
FEEDER_002,2026-04-21 02:30:00,208.61
FEEDER_002,2026-04-21 02:45:00,218.56
FEEDER_002,2026-04-21 03:00:00,197.78
FEEDER_002,2026-04-21 03:15:00,222.85
FEEDER_002,2026-04-21 03:30:00,215.34
FEEDER_002,2026-04-21 03:45:00,219.68
FEEDER_002,2026-04-21 04:00:00,240.56
FEEDER_002,2026-04-21 04:15:00,246.9
FEEDER_002,2026-04-21 04:30:00,248.28
FEEDER_002,2026-04-21 04:45:00,278.82
FEEDER_002,2026-04-21 05:00:00,265.26
FEEDER_002,2026-04-21 05:15:00,299.8
FEEDER_002,2026-04-21 05:30:00,314.36
FEEDER_002,2026-04-21 05:45:00,318.88
FEEDER_002,2026-04-21 06:00:00,342.28
FEEDER_002,2026-04-21 06:15:00,339.44
FEEDER_002,2026-04-21 06:30:00,381.85
FEEDER_002,2026-04-21 06:45:00,384.96
FEEDER_002,2026-04-21 07:00:00,397.27
FEEDER_002,2026-04-21 07:15:00,432.28
FEEDER_002,2026-04-21 07:30:00,426.91
FEEDER_002,2026-04-21 07:45:00,433.37
FEEDER_002,2026-04-21 08:00:00,445.41
FEEDER_002,2026-04-21 08:15:00,483.72
FEEDER_002,2026-04-21 08:30:00,471.63
FEEDER_002,2026-04-21 08:45:00,516.45
FEEDER_002,2026-04-21 09:00:00,476.37
FEEDER_002,2026-04-21 09:15:00,525.03
FEEDER_002,2026-04-21 09:30:00,507.77
FEEDER_002,2026-04-21 09:45:00,501.92
FEEDER_002,2026-04-21 10:00:00,491.77
FEEDER_002,2026-04-21 10:15:00,495.98
FEEDER_002,2026-04-21 10:30:00,481.59
FEEDER_002,2026-04-21 10:45:00,484.57
FEEDER_002,2026-04-21 11:00:00,460.88
FEEDER_002,2026-04-21 11:15:00,448.93
FEEDER_002,2026-04-21 11:30:00,430.32
FEEDER_002,2026-04-21 11:45:00,422.02
FEEDER_002,2026-04-21 12:00:00,415.32
FEEDER_002,2026-04-21 12:15:00,381.35
FEEDER_002,2026-04-21 12:30:00,377.61
FEEDER_002,2026-04-21 12:45:00,396.57
FEEDER_002,2026-04-21 13:00:00,385.74
FEEDER_002,2026-04-21 13:15:00,379.87
FEEDER_002,2026-04-21 13:30:00,383.14
FEEDER_002,2026-04-21 13:45:00,390.48
FEEDER_002,2026-04-21 14:00:00,385.8
FEEDER_002,2026-04-21 14:15:00,392.56
FEEDER_002,2026-04-21 14:30:00,416.46
FEEDER_002,2026-04-21 14:45:00,417.09
FEEDER_002,2026-04-21 15:00:00,450.88
FEEDER_002,2026-04-21 15:15:00,444.98
FEEDER_002,2026-04-21 15:30:00,499.26
FEEDER_002,2026-04-21 15:45:00,515.89
FEEDER_002,2026-04-21 16:00:00,538.06
FEEDER_002,2026-04-21 16:15:00,572.6
FEEDER_002,2026-04-21 16:30:00,607.21
FEEDER_002,2026-04-21 16:45:00,625.87
FEEDER_002,2026-04-21 17:00:00,617.56
FEEDER_002,2026-04-21 17:15:00,649.12
FEEDER_002,2026-04-21 17:30:00,680.07
FEEDER_002,2026-04-21 17:45:00,708.64
FEEDER_002,2026-04-21 18:00:00,732.4
FEEDER_002,2026-04-21 18:15:00,731.94
FEEDER_002,2026-04-21 18:30:00,753.54
FEEDER_002,2026-04-21 18:45:00,748.74
FEEDER_002,2026-04-21 19:00:00,752.66
FEEDER_002,2026-04-21 19:15:00,740.93
FEEDER_002,2026-04-21 19:30:00,740.21
FEEDER_002,2026-04-21 19:45:00,724.42
FEEDER_002,2026-04-21 20:00:00,714.46
FEEDER_002,2026-04-21 20:15:00,720.94
FEEDER_002,2026-04-21 20:30:00,676.13
FEEDER_002,2026-04-21 20:45:00,695.98
FEEDER_002,2026-04-21 21:00:00,645.43
FEEDER_002,2026-04-21 21:15:00,615.69
FEEDER_002,2026-04-21 21:30:00,576.57
FEEDER_002,2026-04-21 21:45:00,568.68
FEEDER_002,2026-04-21 22:00:00,527.26
FEEDER_002,2026-04-21 22:15:00,511.88
FEEDER_002,2026-04-21 22:30:00,518.59
FEEDER_002,2026-04-21 22:45:00,465.66
FEEDER_002,2026-04-21 23:00:00,461.25
FEEDER_002,2026-04-21 23:15:00,421.49
FEEDER_002,2026-04-21 23:30:00,413.87
FEEDER_002,2026-04-21 23:45:00,421.8
FEEDER_002,2026-04-22 00:00:00,280.27
FEEDER_002,2026-04-22 00:15:00,302.55
FEEDER_002,2026-04-22 00:30:00,281.58
FEEDER_002,2026-04-22 00:45:00,258.08
FEEDER_002,2026-04-22 01:00:00,263.83
FEEDER_002,2026-04-22 01:15:00,259.26
FEEDER_002,2026-04-22 01:30:00,246.66
FEEDER_002,2026-04-22 01:45:00,212.55
FEEDER_002,2026-04-22 02:00:00,215.8
FEEDER_002,2026-04-22 02:15:00,215.96
FEEDER_002,2026-04-22 02:30:00,214.01
FEEDER_002,2026-04-22 02:45:00,220.13
FEEDER_002,2026-04-22 03:00:00,214.58
FEEDER_002,2026-04-22 03:15:00,198.27
FEEDER_002,2026-04-22 03:30:00,222.79
FEEDER_002,2026-04-22 03:45:00,231.51
FEEDER_002,2026-04-22 04:00:00,238.74
FEEDER_002,2026-04-22 04:15:00,254.54
FEEDER_002,2026-04-22 04:30:00,262.62
FEEDER_002,2026-04-22 04:45:00,270.41
FEEDER_002,2026-04-22 05:00:00,277.39
FEEDER_002,2026-04-22 05:15:00,272.47
FEEDER_002,2026-04-22 05:30:00,312.39
FEEDER_002,2026-04-22 05:45:00,325.09
FEEDER_002,2026-04-22 06:00:00,341.63
FEEDER_002,2026-04-22 06:15:00,339.14
FEEDER_002,2026-04-22 06:30:00,357.79
FEEDER_002,2026-04-22 06:45:00,399.81
FEEDER_002,2026-04-22 07:00:00,403.07
FEEDER_002,2026-04-22 07:15:00,427.87
FEEDER_002,2026-04-22 07:30:00,435.7
FEEDER_002,2026-04-22 07:45:00,450.63
FEEDER_002,2026-04-22 08:00:00,475.35
FEEDER_002,2026-04-22 08:15:00,470.26
FEEDER_002,2026-04-22 08:30:00,488.15
FEEDER_002,2026-04-22 08:45:00,489.84
FEEDER_002,2026-04-22 09:00:00,496.14
FEEDER_002,2026-04-22 09:15:00,500.96
FEEDER_002,2026-04-22 09:30:00,507.91
FEEDER_002,2026-04-22 09:45:00,497.34
FEEDER_002,2026-04-22 10:00:00,513.38
FEEDER_002,2026-04-22 10:15:00,480.45
FEEDER_002,2026-04-22 10:30:00,479.8
FEEDER_002,2026-04-22 10:45:00,466.05
FEEDER_002,2026-04-22 11:00:00,476.88
FEEDER_002,2026-04-22 11:15:00,449.48
FEEDER_002,2026-04-22 11:30:00,447.07
FEEDER_002,2026-04-22 11:45:00,404.87
FEEDER_002,2026-04-22 12:00:00,414.83
FEEDER_002,2026-04-22 12:15:00,412.55
FEEDER_002,2026-04-22 12:30:00,394.77
FEEDER_002,2026-04-22 12:45:00,400.44
FEEDER_002,2026-04-22 13:00:00,377.48
FEEDER_002,2026-04-22 13:15:00,398.99
FEEDER_002,2026-04-22 13:30:00,410.51
FEEDER_002,2026-04-22 13:45:00,381.96
FEEDER_002,2026-04-22 14:00:00,386.93
FEEDER_002,2026-04-22 14:15:00,419.34
FEEDER_002,2026-04-22 14:30:00,433.06
FEEDER_002,2026-04-22 14:45:00,422.56
FEEDER_002,2026-04-22 15:00:00,440.94
FEEDER_002,2026-04-22 15:15:00,462.03
FEEDER_002,2026-04-22 15:30:00,470.78
FEEDER_002,2026-04-22 15:45:00,499.19
FEEDER_002,2026-04-22 16:00:00,522.94
FEEDER_002,2026-04-22 16:15:00,551.6
FEEDER_002,2026-04-22 16:30:00,586.81
FEEDER_002,2026-04-22 16:45:00,616.5
FEEDER_002,2026-04-22 17:00:00,658.25
FEEDER_002,2026-04-22 17:15:00,652.5
FEEDER_002,2026-04-22 17:30:00,699.38
FEEDER_002,2026-04-22 17:45:00,705.76
FEEDER_002,2026-04-22 18:00:00,725.6
FEEDER_002,2026-04-22 18:15:00,748.75
FEEDER_002,2026-04-22 18:30:00,737.82
FEEDER_002,2026-04-22 18:45:00,762.4
FEEDER_002,2026-04-22 19:00:00,762.0
FEEDER_002,2026-04-22 19:15:00,763.72
FEEDER_002,2026-04-22 19:30:00,754.76
FEEDER_002,2026-04-22 19:45:00,770.1
FEEDER_002,2026-04-22 20:00:00,718.52
FEEDER_002,2026-04-22 20:15:00,701.93
FEEDER_002,2026-04-22 20:30:00,680.04
FEEDER_002,2026-04-22 20:45:00,657.72
FEEDER_002,2026-04-22 21:00:00,631.86
FEEDER_002,2026-04-22 21:15:00,627.74
FEEDER_002,2026-04-22 21:30:00,603.92
FEEDER_002,2026-04-22 21:45:00,553.42
FEEDER_002,2026-04-22 22:00:00,524.18
FEEDER_002,2026-04-22 22:15:00,516.07
FEEDER_002,2026-04-22 22:30:00,481.24
FEEDER_002,2026-04-22 22:45:00,474.41
FEEDER_002,2026-04-22 23:00:00,449.89
FEEDER_002,2026-04-22 23:15:00,411.74
FEEDER_002,2026-04-22 23:30:00,432.86
FEEDER_002,2026-04-22 23:45:00,422.1
FEEDER_002,2026-04-23 00:00:00,280.44
FEEDER_002,2026-04-23 00:15:00,276.14
FEEDER_002,2026-04-23 00:30:00,276.52
FEEDER_002,2026-04-23 00:45:00,268.84
FEEDER_002,2026-04-23 01:00:00,264.14
FEEDER_002,2026-04-23 01:15:00,271.71
FEEDER_002,2026-04-23 01:30:00,237.07
FEEDER_002,2026-04-23 01:45:00,221.81
FEEDER_002,2026-04-23 02:00:00,207.97
FEEDER_002,2026-04-23 02:15:00,210.16
FEEDER_002,2026-04-23 02:30:00,214.5
FEEDER_002,2026-04-23 02:45:00,234.22
FEEDER_002,2026-04-23 03:00:00,206.24
FEEDER_002,2026-04-23 03:15:00,216.98
FEEDER_002,2026-04-23 03:30:00,218.03
FEEDER_002,2026-04-23 03:45:00,238.44
FEEDER_002,2026-04-23 04:00:00,262.35
FEEDER_002,2026-04-23 04:15:00,235.2
FEEDER_002,2026-04-23 04:30:00,246.74
FEEDER_002,2026-04-23 04:45:00,277.43
FEEDER_002,2026-04-23 05:00:00,286.42
FEEDER_002,2026-04-23 05:15:00,314.57
FEEDER_002,2026-04-23 05:30:00,314.25
FEEDER_002,2026-04-23 05:45:00,318.29
FEEDER_002,2026-04-23 06:00:00,345.46
FEEDER_002,2026-04-23 06:15:00,367.76
FEEDER_002,2026-04-23 06:30:00,380.61
FEEDER_002,2026-04-23 06:45:00,393.26
FEEDER_002,2026-04-23 07:00:00,416.35
FEEDER_002,2026-04-23 07:15:00,433.72
FEEDER_002,2026-04-23 07:30:00,451.95
FEEDER_002,2026-04-23 07:45:00,458.06
FEEDER_002,2026-04-23 08:00:00,462.08
FEEDER_002,2026-04-23 08:15:00,478.21
FEEDER_002,2026-04-23 08:30:00,501.47
FEEDER_002,2026-04-23 08:45:00,485.59
FEEDER_002,2026-04-23 09:00:00,505.77
FEEDER_002,2026-04-23 09:15:00,499.95
FEEDER_002,2026-04-23 09:30:00,505.59
FEEDER_002,2026-04-23 09:45:00,518.42
FEEDER_002,2026-04-23 10:00:00,500.61
FEEDER_002,2026-04-23 10:15:00,491.74
FEEDER_002,2026-04-23 10:30:00,465.73
FEEDER_002,2026-04-23 10:45:00,480.28
FEEDER_002,2026-04-23 11:00:00,467.26
FEEDER_002,2026-04-23 11:15:00,473.08
FEEDER_002,2026-04-23 11:30:00,430.99
FEEDER_002,2026-04-23 11:45:00,425.33
FEEDER_002,2026-04-23 12:00:00,414.62
FEEDER_002,2026-04-23 12:15:00,420.8
FEEDER_002,2026-04-23 12:30:00,392.64
FEEDER_002,2026-04-23 12:45:00,391.0
FEEDER_002,2026-04-23 13:00:00,390.99
FEEDER_002,2026-04-23 13:15:00,384.32
FEEDER_002,2026-04-23 13:30:00,377.57
FEEDER_002,2026-04-23 13:45:00,388.64
FEEDER_002,2026-04-23 14:00:00,405.16
FEEDER_002,2026-04-23 14:15:00,389.58
FEEDER_002,2026-04-23 14:30:00,415.7
FEEDER_002,2026-04-23 14:45:00,420.43
FEEDER_002,2026-04-23 15:00:00,460.32
FEEDER_002,2026-04-23 15:15:00,447.13
FEEDER_002,2026-04-23 15:30:00,480.21
FEEDER_002,2026-04-23 15:45:00,514.74
FEEDER_002,2026-04-23 16:00:00,553.77
FEEDER_002,2026-04-23 16:15:00,560.02
FEEDER_002,2026-04-23 16:30:00,580.56
FEEDER_002,2026-04-23 16:45:00,636.27
FEEDER_002,2026-04-23 17:00:00,622.27
FEEDER_002,2026-04-23 17:15:00,638.09
FEEDER_002,2026-04-23 17:30:00,692.85
FEEDER_002,2026-04-23 17:45:00,702.31
FEEDER_002,2026-04-23 18:00:00,713.94
FEEDER_002,2026-04-23 18:15:00,749.15
FEEDER_002,2026-04-23 18:30:00,754.22
FEEDER_002,2026-04-23 18:45:00,751.04
FEEDER_002,2026-04-23 19:00:00,744.64
FEEDER_002,2026-04-23 19:15:00,768.28
FEEDER_002,2026-04-23 19:30:00,759.09
FEEDER_002,2026-04-23 19:45:00,739.45
FEEDER_002,2026-04-23 20:00:00,748.33
FEEDER_002,2026-04-23 20:15:00,695.46
FEEDER_002,2026-04-23 20:30:00,669.21
FEEDER_002,2026-04-23 20:45:00,656.09
FEEDER_002,2026-04-23 21:00:00,638.96
FEEDER_002,2026-04-23 21:15:00,616.39
FEEDER_002,2026-04-23 21:30:00,583.98
FEEDER_002,2026-04-23 21:45:00,564.5
FEEDER_002,2026-04-23 22:00:00,519.15
FEEDER_002,2026-04-23 22:15:00,527.74
FEEDER_002,2026-04-23 22:30:00,486.88
FEEDER_002,2026-04-23 22:45:00,480.22
FEEDER_002,2026-04-23 23:00:00,451.57
FEEDER_002,2026-04-23 23:15:00,435.41
FEEDER_002,2026-04-23 23:30:00,421.13
FEEDER_002,2026-04-23 23:45:00,405.93
FEEDER_002,2026-04-24 00:00:00,295.5
FEEDER_002,2026-04-24 00:15:00,296.75
FEEDER_002,2026-04-24 00:30:00,275.45
FEEDER_002,2026-04-24 00:45:00,273.34
FEEDER_002,2026-04-24 01:00:00,255.16
FEEDER_002,2026-04-24 01:15:00,264.87
FEEDER_002,2026-04-24 01:30:00,231.08
FEEDER_002,2026-04-24 01:45:00,253.0
FEEDER_002,2026-04-24 02:00:00,224.04
FEEDER_002,2026-04-24 02:15:00,201.76
FEEDER_002,2026-04-24 02:30:00,216.44
FEEDER_002,2026-04-24 02:45:00,204.51
FEEDER_002,2026-04-24 03:00:00,222.54
FEEDER_002,2026-04-24 03:15:00,206.46
FEEDER_002,2026-04-24 03:30:00,212.87
FEEDER_002,2026-04-24 03:45:00,201.51
FEEDER_002,2026-04-24 04:00:00,226.6
FEEDER_002,2026-04-24 04:15:00,212.49
FEEDER_002,2026-04-24 04:30:00,233.6
FEEDER_002,2026-04-24 04:45:00,274.03
FEEDER_002,2026-04-24 05:00:00,287.67
FEEDER_002,2026-04-24 05:15:00,297.51
FEEDER_002,2026-04-24 05:30:00,295.64
FEEDER_002,2026-04-24 05:45:00,322.03
FEEDER_002,2026-04-24 06:00:00,338.33
FEEDER_002,2026-04-24 06:15:00,340.56
FEEDER_002,2026-04-24 06:30:00,388.8
FEEDER_002,2026-04-24 06:45:00,397.7
FEEDER_002,2026-04-24 07:00:00,400.89
FEEDER_002,2026-04-24 07:15:00,420.01
FEEDER_002,2026-04-24 07:30:00,437.86
FEEDER_002,2026-04-24 07:45:00,425.77
FEEDER_002,2026-04-24 08:00:00,461.12
FEEDER_002,2026-04-24 08:15:00,468.26
FEEDER_002,2026-04-24 08:30:00,474.98
FEEDER_002,2026-04-24 08:45:00,492.02
FEEDER_002,2026-04-24 09:00:00,522.92
FEEDER_002,2026-04-24 09:15:00,512.36
FEEDER_002,2026-04-24 09:30:00,498.39
FEEDER_002,2026-04-24 09:45:00,509.95
FEEDER_002,2026-04-24 10:00:00,515.11
FEEDER_002,2026-04-24 10:15:00,502.28
FEEDER_002,2026-04-24 10:30:00,482.76
FEEDER_002,2026-04-24 10:45:00,463.56
FEEDER_002,2026-04-24 11:00:00,467.89
FEEDER_002,2026-04-24 11:15:00,451.85
FEEDER_002,2026-04-24 11:30:00,445.43
FEEDER_002,2026-04-24 11:45:00,430.32
FEEDER_002,2026-04-24 12:00:00,424.22
FEEDER_002,2026-04-24 12:15:00,395.45
FEEDER_002,2026-04-24 12:30:00,409.59
FEEDER_002,2026-04-24 12:45:00,390.02
FEEDER_002,2026-04-24 13:00:00,408.6
FEEDER_002,2026-04-24 13:15:00,373.81
FEEDER_002,2026-04-24 13:30:00,403.75
FEEDER_002,2026-04-24 13:45:00,388.68
FEEDER_002,2026-04-24 14:00:00,384.46
FEEDER_002,2026-04-24 14:15:00,396.1
FEEDER_002,2026-04-24 14:30:00,410.26
FEEDER_002,2026-04-24 14:45:00,433.92
FEEDER_002,2026-04-24 15:00:00,452.26
FEEDER_002,2026-04-24 15:15:00,458.53
FEEDER_002,2026-04-24 15:30:00,486.62
FEEDER_002,2026-04-24 15:45:00,535.92
FEEDER_002,2026-04-24 16:00:00,555.72
FEEDER_002,2026-04-24 16:15:00,566.05
FEEDER_002,2026-04-24 16:30:00,587.68
FEEDER_002,2026-04-24 16:45:00,615.13
FEEDER_002,2026-04-24 17:00:00,647.01
FEEDER_002,2026-04-24 17:15:00,652.2
FEEDER_002,2026-04-24 17:30:00,684.48
FEEDER_002,2026-04-24 17:45:00,688.31
FEEDER_002,2026-04-24 18:00:00,730.98
FEEDER_002,2026-04-24 18:15:00,748.42
FEEDER_002,2026-04-24 18:30:00,745.5
FEEDER_002,2026-04-24 18:45:00,776.7
FEEDER_002,2026-04-24 19:00:00,745.29
FEEDER_002,2026-04-24 19:15:00,740.23
FEEDER_002,2026-04-24 19:30:00,753.98
FEEDER_002,2026-04-24 19:45:00,753.2
FEEDER_002,2026-04-24 20:00:00,746.38
FEEDER_002,2026-04-24 20:15:00,702.79
FEEDER_002,2026-04-24 20:30:00,700.46
FEEDER_002,2026-04-24 20:45:00,663.93
FEEDER_002,2026-04-24 21:00:00,637.43
FEEDER_002,2026-04-24 21:15:00,624.07
FEEDER_002,2026-04-24 21:30:00,594.7
FEEDER_002,2026-04-24 21:45:00,541.36
FEEDER_002,2026-04-24 22:00:00,551.89
FEEDER_002,2026-04-24 22:15:00,526.98
FEEDER_002,2026-04-24 22:30:00,480.36
FEEDER_002,2026-04-24 22:45:00,471.56
FEEDER_002,2026-04-24 23:00:00,453.39
FEEDER_002,2026-04-24 23:15:00,433.06
FEEDER_002,2026-04-24 23:30:00,407.69
FEEDER_002,2026-04-24 23:45:00,392.49
FEEDER_002,2026-04-25 00:00:00,316.26
FEEDER_002,2026-04-25 00:15:00,322.95
FEEDER_002,2026-04-25 00:30:00,306.92
FEEDER_002,2026-04-25 00:45:00,286.87
FEEDER_002,2026-04-25 01:00:00,291.13
FEEDER_002,2026-04-25 01:15:00,238.17
FEEDER_002,2026-04-25 01:30:00,276.9
FEEDER_002,2026-04-25 01:45:00,233.65
FEEDER_002,2026-04-25 02:00:00,242.63
FEEDER_002,2026-04-25 02:15:00,227.39
FEEDER_002,2026-04-25 02:30:00,220.86
FEEDER_002,2026-04-25 02:45:00,247.88
FEEDER_002,2026-04-25 03:00:00,228.08
FEEDER_002,2026-04-25 03:15:00,239.88
FEEDER_002,2026-04-25 03:30:00,239.48
FEEDER_002,2026-04-25 03:45:00,252.32
FEEDER_002,2026-04-25 04:00:00,256.15
FEEDER_002,2026-04-25 04:15:00,250.34
FEEDER_002,2026-04-25 04:30:00,289.83
FEEDER_002,2026-04-25 04:45:00,285.47
FEEDER_002,2026-04-25 05:00:00,287.38
FEEDER_002,2026-04-25 05:15:00,316.51
FEEDER_002,2026-04-25 05:30:00,355.97
FEEDER_002,2026-04-25 05:45:00,365.06
FEEDER_002,2026-04-25 06:00:00,368.02
FEEDER_002,2026-04-25 06:15:00,385.71
FEEDER_002,2026-04-25 06:30:00,403.98
FEEDER_002,2026-04-25 06:45:00,450.81
FEEDER_002,2026-04-25 07:00:00,448.48
FEEDER_002,2026-04-25 07:15:00,466.82
FEEDER_002,2026-04-25 07:30:00,491.26
FEEDER_002,2026-04-25 07:45:00,498.16
FEEDER_002,2026-04-25 08:00:00,507.39
FEEDER_002,2026-04-25 08:15:00,521.74
FEEDER_002,2026-04-25 08:30:00,534.84
FEEDER_002,2026-04-25 08:45:00,544.48
FEEDER_002,2026-04-25 09:00:00,560.22
FEEDER_002,2026-04-25 09:15:00,555.76
FEEDER_002,2026-04-25 09:30:00,564.56
FEEDER_002,2026-04-25 09:45:00,552.42
FEEDER_002,2026-04-25 10:00:00,549.09
FEEDER_002,2026-04-25 10:15:00,516.33
FEEDER_002,2026-04-25 10:30:00,541.25
FEEDER_002,2026-04-25 10:45:00,522.62
FEEDER_002,2026-04-25 11:00:00,517.44
FEEDER_002,2026-04-25 11:15:00,457.08
FEEDER_002,2026-04-25 11:30:00,503.22
FEEDER_002,2026-04-25 11:45:00,463.3
FEEDER_002,2026-04-25 12:00:00,466.09
FEEDER_002,2026-04-25 12:15:00,429.58
FEEDER_002,2026-04-25 12:30:00,440.52
FEEDER_002,2026-04-25 12:45:00,413.78
FEEDER_002,2026-04-25 13:00:00,414.58
FEEDER_002,2026-04-25 13:15:00,443.25
FEEDER_002,2026-04-25 13:30:00,418.93
FEEDER_002,2026-04-25 13:45:00,427.55
FEEDER_002,2026-04-25 14:00:00,441.95
FEEDER_002,2026-04-25 14:15:00,448.04
FEEDER_002,2026-04-25 14:30:00,457.32
FEEDER_002,2026-04-25 14:45:00,476.09
FEEDER_002,2026-04-25 15:00:00,519.42
FEEDER_002,2026-04-25 15:15:00,511.26
FEEDER_002,2026-04-25 15:30:00,538.02
FEEDER_002,2026-04-25 15:45:00,573.85
FEEDER_002,2026-04-25 16:00:00,601.75
FEEDER_002,2026-04-25 16:15:00,631.14
FEEDER_002,2026-04-25 16:30:00,653.61
FEEDER_002,2026-04-25 16:45:00,661.35
FEEDER_002,2026-04-25 17:00:00,723.21
FEEDER_002,2026-04-25 17:15:00,717.17
FEEDER_002,2026-04-25 17:30:00,759.96
FEEDER_002,2026-04-25 17:45:00,770.11
FEEDER_002,2026-04-25 18:00:00,798.04
FEEDER_002,2026-04-25 18:15:00,818.66
FEEDER_002,2026-04-25 18:30:00,830.28
FEEDER_002,2026-04-25 18:45:00,838.65
FEEDER_002,2026-04-25 19:00:00,855.37
FEEDER_002,2026-04-25 19:15:00,839.03
FEEDER_002,2026-04-25 19:30:00,823.49
FEEDER_002,2026-04-25 19:45:00,826.27
FEEDER_002,2026-04-25 20:00:00,813.06
FEEDER_002,2026-04-25 20:15:00,764.4
FEEDER_002,2026-04-25 20:30:00,763.44
FEEDER_002,2026-04-25 20:45:00,739.24
FEEDER_002,2026-04-25 21:00:00,699.89
FEEDER_002,2026-04-25 21:15:00,691.33
FEEDER_002,2026-04-25 21:30:00,643.76
FEEDER_002,2026-04-25 21:45:00,617.81
FEEDER_002,2026-04-25 22:00:00,585.51
FEEDER_002,2026-04-25 22:15:00,561.64
FEEDER_002,2026-04-25 22:30:00,523.5
FEEDER_002,2026-04-25 22:45:00,496.21
FEEDER_002,2026-04-25 23:00:00,511.34
FEEDER_002,2026-04-25 23:15:00,462.76
FEEDER_002,2026-04-25 23:30:00,443.83
FEEDER_002,2026-04-25 23:45:00,414.77
FEEDER_002,2026-04-26 00:00:00,308.9
FEEDER_002,2026-04-26 00:15:00,293.0
FEEDER_002,2026-04-26 00:30:00,320.1
FEEDER_002,2026-04-26 00:45:00,303.43
FEEDER_002,2026-04-26 01:00:00,273.61
FEEDER_002,2026-04-26 01:15:00,299.38
FEEDER_002,2026-04-26 01:30:00,274.9
FEEDER_002,2026-04-26 01:45:00,250.63
FEEDER_002,2026-04-26 02:00:00,216.99
FEEDER_002,2026-04-26 02:15:00,268.31
FEEDER_002,2026-04-26 02:30:00,219.72
FEEDER_002,2026-04-26 02:45:00,214.21
FEEDER_002,2026-04-26 03:00:00,245.96
FEEDER_002,2026-04-26 03:15:00,265.0
FEEDER_002,2026-04-26 03:30:00,256.66
FEEDER_002,2026-04-26 03:45:00,253.37
FEEDER_002,2026-04-26 04:00:00,262.36
FEEDER_002,2026-04-26 04:15:00,275.97
FEEDER_002,2026-04-26 04:30:00,286.98
FEEDER_002,2026-04-26 04:45:00,294.77
FEEDER_002,2026-04-26 05:00:00,307.31
FEEDER_002,2026-04-26 05:15:00,320.89
FEEDER_002,2026-04-26 05:30:00,328.92
FEEDER_002,2026-04-26 05:45:00,351.49
FEEDER_002,2026-04-26 06:00:00,351.89
FEEDER_002,2026-04-26 06:15:00,388.72
FEEDER_002,2026-04-26 06:30:00,395.98
FEEDER_002,2026-04-26 06:45:00,412.65
FEEDER_002,2026-04-26 07:00:00,446.06
FEEDER_002,2026-04-26 07:15:00,478.36
FEEDER_002,2026-04-26 07:30:00,489.92
FEEDER_002,2026-04-26 07:45:00,476.45
FEEDER_002,2026-04-26 08:00:00,498.62
FEEDER_002,2026-04-26 08:15:00,535.38
FEEDER_002,2026-04-26 08:30:00,523.9
FEEDER_002,2026-04-26 08:45:00,542.23
FEEDER_002,2026-04-26 09:00:00,558.09
FEEDER_002,2026-04-26 09:15:00,543.52
FEEDER_002,2026-04-26 09:30:00,557.03
FEEDER_002,2026-04-26 09:45:00,537.38
FEEDER_002,2026-04-26 10:00:00,540.93
FEEDER_002,2026-04-26 10:15:00,544.14
FEEDER_002,2026-04-26 10:30:00,511.13
FEEDER_002,2026-04-26 10:45:00,523.74
FEEDER_002,2026-04-26 11:00:00,505.23
FEEDER_002,2026-04-26 11:15:00,498.47
FEEDER_002,2026-04-26 11:30:00,480.84
FEEDER_002,2026-04-26 11:45:00,481.34
FEEDER_002,2026-04-26 12:00:00,454.29
FEEDER_002,2026-04-26 12:15:00,436.91
FEEDER_002,2026-04-26 12:30:00,434.63
FEEDER_002,2026-04-26 12:45:00,432.94
FEEDER_002,2026-04-26 13:00:00,422.65
FEEDER_002,2026-04-26 13:15:00,420.77
FEEDER_002,2026-04-26 13:30:00,412.79
FEEDER_002,2026-04-26 13:45:00,416.99
FEEDER_002,2026-04-26 14:00:00,414.67
FEEDER_002,2026-04-26 14:15:00,463.09
FEEDER_002,2026-04-26 14:30:00,440.59
FEEDER_002,2026-04-26 14:45:00,463.4
FEEDER_002,2026-04-26 15:00:00,481.96
FEEDER_002,2026-04-26 15:15:00,522.69
FEEDER_002,2026-04-26 15:30:00,532.07
FEEDER_002,2026-04-26 15:45:00,576.21
FEEDER_002,2026-04-26 16:00:00,580.4
FEEDER_002,2026-04-26 16:15:00,620.24
FEEDER_002,2026-04-26 16:30:00,635.92
FEEDER_002,2026-04-26 16:45:00,700.81
FEEDER_002,2026-04-26 17:00:00,689.36
FEEDER_002,2026-04-26 17:15:00,734.64
FEEDER_002,2026-04-26 17:30:00,763.94
FEEDER_002,2026-04-26 17:45:00,784.13
FEEDER_002,2026-04-26 18:00:00,796.59
FEEDER_002,2026-04-26 18:15:00,813.16
FEEDER_002,2026-04-26 18:30:00,826.95
FEEDER_002,2026-04-26 18:45:00,831.83
FEEDER_002,2026-04-26 19:00:00,847.57
FEEDER_002,2026-04-26 19:15:00,860.11
FEEDER_002,2026-04-26 19:30:00,819.73
FEEDER_002,2026-04-26 19:45:00,798.27
FEEDER_002,2026-04-26 20:00:00,797.73
FEEDER_002,2026-04-26 20:15:00,810.09
FEEDER_002,2026-04-26 20:30:00,746.63
FEEDER_002,2026-04-26 20:45:00,750.5
FEEDER_002,2026-04-26 21:00:00,723.59
FEEDER_002,2026-04-26 21:15:00,668.17
FEEDER_002,2026-04-26 21:30:00,652.39
FEEDER_002,2026-04-26 21:45:00,635.84
FEEDER_002,2026-04-26 22:00:00,583.04
FEEDER_002,2026-04-26 22:15:00,559.01
FEEDER_002,2026-04-26 22:30:00,529.68
FEEDER_002,2026-04-26 22:45:00,501.32
FEEDER_002,2026-04-26 23:00:00,484.41
FEEDER_002,2026-04-26 23:15:00,458.24
FEEDER_002,2026-04-26 23:30:00,456.13
FEEDER_002,2026-04-26 23:45:00,431.37
FEEDER_002,2026-04-27 00:00:00,290.59
FEEDER_002,2026-04-27 00:15:00,262.13
FEEDER_002,2026-04-27 00:30:00,277.06
FEEDER_002,2026-04-27 00:45:00,274.83
FEEDER_002,2026-04-27 01:00:00,232.32
FEEDER_002,2026-04-27 01:15:00,252.08
FEEDER_002,2026-04-27 01:30:00,253.93
FEEDER_002,2026-04-27 01:45:00,216.88
FEEDER_002,2026-04-27 02:00:00,244.6
FEEDER_002,2026-04-27 02:15:00,223.96
FEEDER_002,2026-04-27 02:30:00,206.44
FEEDER_002,2026-04-27 02:45:00,212.01
FEEDER_002,2026-04-27 03:00:00,219.15
FEEDER_002,2026-04-27 03:15:00,215.2
FEEDER_002,2026-04-27 03:30:00,224.69
FEEDER_002,2026-04-27 03:45:00,213.13
FEEDER_002,2026-04-27 04:00:00,234.06
FEEDER_002,2026-04-27 04:15:00,224.61
FEEDER_002,2026-04-27 04:30:00,251.27
FEEDER_002,2026-04-27 04:45:00,254.06
FEEDER_002,2026-04-27 05:00:00,269.41
FEEDER_002,2026-04-27 05:15:00,307.24
FEEDER_002,2026-04-27 05:30:00,320.34
FEEDER_002,2026-04-27 05:45:00,329.91
FEEDER_002,2026-04-27 06:00:00,325.26
FEEDER_002,2026-04-27 06:15:00,350.66
FEEDER_002,2026-04-27 06:30:00,385.32
FEEDER_002,2026-04-27 06:45:00,388.88
FEEDER_002,2026-04-27 07:00:00,431.38
FEEDER_002,2026-04-27 07:15:00,424.41
FEEDER_002,2026-04-27 07:30:00,437.67
FEEDER_002,2026-04-27 07:45:00,446.56
FEEDER_002,2026-04-27 08:00:00,465.69
FEEDER_002,2026-04-27 08:15:00,474.62
FEEDER_002,2026-04-27 08:30:00,495.49
FEEDER_002,2026-04-27 08:45:00,506.87
FEEDER_002,2026-04-27 09:00:00,491.92
FEEDER_002,2026-04-27 09:15:00,488.69
FEEDER_002,2026-04-27 09:30:00,483.21
FEEDER_002,2026-04-27 09:45:00,509.18
FEEDER_002,2026-04-27 10:00:00,485.07
FEEDER_002,2026-04-27 10:15:00,465.35
FEEDER_002,2026-04-27 10:30:00,486.71
FEEDER_002,2026-04-27 10:45:00,501.24
FEEDER_002,2026-04-27 11:00:00,459.44
FEEDER_002,2026-04-27 11:15:00,457.19
FEEDER_002,2026-04-27 11:30:00,435.67
FEEDER_002,2026-04-27 11:45:00,421.51
FEEDER_002,2026-04-27 12:00:00,422.66
FEEDER_002,2026-04-27 12:15:00,398.39
FEEDER_002,2026-04-27 12:30:00,396.99
FEEDER_002,2026-04-27 12:45:00,391.51
FEEDER_002,2026-04-27 13:00:00,375.68
FEEDER_002,2026-04-27 13:15:00,393.98
FEEDER_002,2026-04-27 13:30:00,380.82
FEEDER_002,2026-04-27 13:45:00,377.24
FEEDER_002,2026-04-27 14:00:00,398.72
FEEDER_002,2026-04-27 14:15:00,391.12
FEEDER_002,2026-04-27 14:30:00,414.44
FEEDER_002,2026-04-27 14:45:00,428.72
FEEDER_002,2026-04-27 15:00:00,459.01
FEEDER_002,2026-04-27 15:15:00,471.11
FEEDER_002,2026-04-27 15:30:00,486.61
FEEDER_002,2026-04-27 15:45:00,520.03
FEEDER_002,2026-04-27 16:00:00,551.67
FEEDER_002,2026-04-27 16:15:00,567.5
FEEDER_002,2026-04-27 16:30:00,587.35
FEEDER_002,2026-04-27 16:45:00,597.95
FEEDER_002,2026-04-27 17:00:00,626.87
FEEDER_002,2026-04-27 17:15:00,660.82
FEEDER_002,2026-04-27 17:30:00,680.26
FEEDER_002,2026-04-27 17:45:00,706.09
FEEDER_002,2026-04-27 18:00:00,726.87
FEEDER_002,2026-04-27 18:15:00,747.01
FEEDER_002,2026-04-27 18:30:00,750.45
FEEDER_002,2026-04-27 18:45:00,763.65
FEEDER_002,2026-04-27 19:00:00,760.78
FEEDER_002,2026-04-27 19:15:00,734.1
FEEDER_002,2026-04-27 19:30:00,740.02
FEEDER_002,2026-04-27 19:45:00,738.91
FEEDER_002,2026-04-27 20:00:00,711.66
FEEDER_002,2026-04-27 20:15:00,715.5
FEEDER_002,2026-04-27 20:30:00,705.89
FEEDER_002,2026-04-27 20:45:00,679.02
FEEDER_002,2026-04-27 21:00:00,636.94
FEEDER_002,2026-04-27 21:15:00,631.36
FEEDER_002,2026-04-27 21:30:00,588.66
FEEDER_002,2026-04-27 21:45:00,556.23
FEEDER_002,2026-04-27 22:00:00,526.81
FEEDER_002,2026-04-27 22:15:00,506.79
FEEDER_002,2026-04-27 22:30:00,483.21
FEEDER_002,2026-04-27 22:45:00,468.86
FEEDER_002,2026-04-27 23:00:00,449.38
FEEDER_002,2026-04-27 23:15:00,429.97
FEEDER_002,2026-04-27 23:30:00,419.54
FEEDER_002,2026-04-27 23:45:00,414.84
FEEDER_003,2026-04-21 00:00:00,1465.39
FEEDER_003,2026-04-21 00:15:00,1379.32
FEEDER_003,2026-04-21 00:30:00,1335.01
FEEDER_003,2026-04-21 00:45:00,1433.27
FEEDER_003,2026-04-21 01:00:00,1348.55
FEEDER_003,2026-04-21 01:15:00,1372.15
FEEDER_003,2026-04-21 01:30:00,1330.4
FEEDER_003,2026-04-21 01:45:00,1299.51
FEEDER_003,2026-04-21 02:00:00,1363.94
FEEDER_003,2026-04-21 02:15:00,1363.6
FEEDER_003,2026-04-21 02:30:00,1317.06
FEEDER_003,2026-04-21 02:45:00,1252.31
FEEDER_003,2026-04-21 03:00:00,1318.96
FEEDER_003,2026-04-21 03:15:00,1354.51
FEEDER_003,2026-04-21 03:30:00,1305.44
FEEDER_003,2026-04-21 03:45:00,1371.51
FEEDER_003,2026-04-21 04:00:00,1382.71
FEEDER_003,2026-04-21 04:15:00,1422.5
FEEDER_003,2026-04-21 04:30:00,1432.49
FEEDER_003,2026-04-21 04:45:00,1425.76
FEEDER_003,2026-04-21 05:00:00,1524.87
FEEDER_003,2026-04-21 05:15:00,1515.9
FEEDER_003,2026-04-21 05:30:00,1556.62
FEEDER_003,2026-04-21 05:45:00,1567.5
FEEDER_003,2026-04-21 06:00:00,1625.11
FEEDER_003,2026-04-21 06:15:00,1656.02
FEEDER_003,2026-04-21 06:30:00,1725.68
FEEDER_003,2026-04-21 06:45:00,1834.33
FEEDER_003,2026-04-21 07:00:00,1787.95
FEEDER_003,2026-04-21 07:15:00,1831.75
FEEDER_003,2026-04-21 07:30:00,1979.98
FEEDER_003,2026-04-21 07:45:00,1976.48
FEEDER_003,2026-04-21 08:00:00,2008.43
FEEDER_003,2026-04-21 08:15:00,2104.17
FEEDER_003,2026-04-21 08:30:00,2088.22
FEEDER_003,2026-04-21 08:45:00,2193.29
FEEDER_003,2026-04-21 09:00:00,2176.99
FEEDER_003,2026-04-21 09:15:00,2150.65
FEEDER_003,2026-04-21 09:30:00,2234.36
FEEDER_003,2026-04-21 09:45:00,2137.64
FEEDER_003,2026-04-21 10:00:00,2160.72
FEEDER_003,2026-04-21 10:15:00,2118.47
FEEDER_003,2026-04-21 10:30:00,2113.99
FEEDER_003,2026-04-21 10:45:00,2079.78
FEEDER_003,2026-04-21 11:00:00,1984.49
FEEDER_003,2026-04-21 11:15:00,1909.63
FEEDER_003,2026-04-21 11:30:00,1896.39
FEEDER_003,2026-04-21 11:45:00,1809.29
FEEDER_003,2026-04-21 12:00:00,1844.36
FEEDER_003,2026-04-21 12:15:00,1738.2
FEEDER_003,2026-04-21 12:30:00,1678.84
FEEDER_003,2026-04-21 12:45:00,1656.66
FEEDER_003,2026-04-21 13:00:00,1573.22
FEEDER_003,2026-04-21 13:15:00,1554.25
FEEDER_003,2026-04-21 13:30:00,1596.12
FEEDER_003,2026-04-21 13:45:00,1515.04
FEEDER_003,2026-04-21 14:00:00,1483.8
FEEDER_003,2026-04-21 14:15:00,1521.94
FEEDER_003,2026-04-21 14:30:00,1533.18
FEEDER_003,2026-04-21 14:45:00,1511.4
FEEDER_003,2026-04-21 15:00:00,1514.78
FEEDER_003,2026-04-21 15:15:00,1455.59
FEEDER_003,2026-04-21 15:30:00,1431.75
FEEDER_003,2026-04-21 15:45:00,1521.75
FEEDER_003,2026-04-21 16:00:00,1462.83
FEEDER_003,2026-04-21 16:15:00,1464.08
FEEDER_003,2026-04-21 16:30:00,1513.12
FEEDER_003,2026-04-21 16:45:00,1488.35
FEEDER_003,2026-04-21 17:00:00,1484.88
FEEDER_003,2026-04-21 17:15:00,1538.52
FEEDER_003,2026-04-21 17:30:00,1449.93
FEEDER_003,2026-04-21 17:45:00,1499.35
FEEDER_003,2026-04-21 18:00:00,1471.87
FEEDER_003,2026-04-21 18:15:00,1478.5
FEEDER_003,2026-04-21 18:30:00,1518.17
FEEDER_003,2026-04-21 18:45:00,1486.01
FEEDER_003,2026-04-21 19:00:00,1486.96
FEEDER_003,2026-04-21 19:15:00,1503.79
FEEDER_003,2026-04-21 19:30:00,1458.51
FEEDER_003,2026-04-21 19:45:00,1443.57
FEEDER_003,2026-04-21 20:00:00,1437.09
FEEDER_003,2026-04-21 20:15:00,1408.06
FEEDER_003,2026-04-21 20:30:00,1534.77
FEEDER_003,2026-04-21 20:45:00,1435.25
FEEDER_003,2026-04-21 21:00:00,1463.03
FEEDER_003,2026-04-21 21:15:00,1461.28
FEEDER_003,2026-04-21 21:30:00,1479.68
FEEDER_003,2026-04-21 21:45:00,1495.7
FEEDER_003,2026-04-21 22:00:00,1497.1
FEEDER_003,2026-04-21 22:15:00,1455.71
FEEDER_003,2026-04-21 22:30:00,1473.01
FEEDER_003,2026-04-21 22:45:00,1491.5
FEEDER_003,2026-04-21 23:00:00,1479.18
FEEDER_003,2026-04-21 23:15:00,1542.15
FEEDER_003,2026-04-21 23:30:00,1511.54
FEEDER_003,2026-04-21 23:45:00,1523.81
FEEDER_003,2026-04-22 00:00:00,1456.36
FEEDER_003,2026-04-22 00:15:00,1463.06
FEEDER_003,2026-04-22 00:30:00,1421.16
FEEDER_003,2026-04-22 00:45:00,1362.99
FEEDER_003,2026-04-22 01:00:00,1404.19
FEEDER_003,2026-04-22 01:15:00,1358.71
FEEDER_003,2026-04-22 01:30:00,1350.6
FEEDER_003,2026-04-22 01:45:00,1374.74
FEEDER_003,2026-04-22 02:00:00,1385.89
FEEDER_003,2026-04-22 02:15:00,1340.36
FEEDER_003,2026-04-22 02:30:00,1344.95
FEEDER_003,2026-04-22 02:45:00,1387.55
FEEDER_003,2026-04-22 03:00:00,1343.75
FEEDER_003,2026-04-22 03:15:00,1424.12
FEEDER_003,2026-04-22 03:30:00,1369.84
FEEDER_003,2026-04-22 03:45:00,1310.27
FEEDER_003,2026-04-22 04:00:00,1406.92
FEEDER_003,2026-04-22 04:15:00,1416.26
FEEDER_003,2026-04-22 04:30:00,1469.35
FEEDER_003,2026-04-22 04:45:00,1477.62
FEEDER_003,2026-04-22 05:00:00,1482.81
FEEDER_003,2026-04-22 05:15:00,1482.32
FEEDER_003,2026-04-22 05:30:00,1550.9
FEEDER_003,2026-04-22 05:45:00,1570.11
FEEDER_003,2026-04-22 06:00:00,1620.79
FEEDER_003,2026-04-22 06:15:00,1702.43
FEEDER_003,2026-04-22 06:30:00,1783.73
FEEDER_003,2026-04-22 06:45:00,1792.85
FEEDER_003,2026-04-22 07:00:00,1793.49
FEEDER_003,2026-04-22 07:15:00,1896.59
FEEDER_003,2026-04-22 07:30:00,1971.33
FEEDER_003,2026-04-22 07:45:00,1963.87
FEEDER_003,2026-04-22 08:00:00,2025.28
FEEDER_003,2026-04-22 08:15:00,2071.87
FEEDER_003,2026-04-22 08:30:00,2082.57
FEEDER_003,2026-04-22 08:45:00,2156.19
FEEDER_003,2026-04-22 09:00:00,2151.83
FEEDER_003,2026-04-22 09:15:00,2179.23
FEEDER_003,2026-04-22 09:30:00,2138.45
FEEDER_003,2026-04-22 09:45:00,2142.94
FEEDER_003,2026-04-22 10:00:00,2160.1
FEEDER_003,2026-04-22 10:15:00,2097.3
FEEDER_003,2026-04-22 10:30:00,2127.38
FEEDER_003,2026-04-22 10:45:00,2018.0
FEEDER_003,2026-04-22 11:00:00,1990.56
FEEDER_003,2026-04-22 11:15:00,1962.74
FEEDER_003,2026-04-22 11:30:00,1837.22
FEEDER_003,2026-04-22 11:45:00,1775.17
FEEDER_003,2026-04-22 12:00:00,1732.88
FEEDER_003,2026-04-22 12:15:00,1773.67
FEEDER_003,2026-04-22 12:30:00,1672.96
FEEDER_003,2026-04-22 12:45:00,1731.42
FEEDER_003,2026-04-22 13:00:00,1597.88
FEEDER_003,2026-04-22 13:15:00,1590.67
FEEDER_003,2026-04-22 13:30:00,1606.88
FEEDER_003,2026-04-22 13:45:00,1598.93
FEEDER_003,2026-04-22 14:00:00,1581.72
FEEDER_003,2026-04-22 14:15:00,1543.1
FEEDER_003,2026-04-22 14:30:00,1528.09
FEEDER_003,2026-04-22 14:45:00,1507.42
FEEDER_003,2026-04-22 15:00:00,1507.92
FEEDER_003,2026-04-22 15:15:00,1462.07
FEEDER_003,2026-04-22 15:30:00,1450.76
FEEDER_003,2026-04-22 15:45:00,1474.35
FEEDER_003,2026-04-22 16:00:00,1467.63
FEEDER_003,2026-04-22 16:15:00,1457.7
FEEDER_003,2026-04-22 16:30:00,1493.22
FEEDER_003,2026-04-22 16:45:00,1500.92
FEEDER_003,2026-04-22 17:00:00,1473.3
FEEDER_003,2026-04-22 17:15:00,1516.86
FEEDER_003,2026-04-22 17:30:00,1434.23
FEEDER_003,2026-04-22 17:45:00,1464.02
FEEDER_003,2026-04-22 18:00:00,1447.49
FEEDER_003,2026-04-22 18:15:00,1411.25
FEEDER_003,2026-04-22 18:30:00,1467.42
FEEDER_003,2026-04-22 18:45:00,1466.18
FEEDER_003,2026-04-22 19:00:00,1517.68
FEEDER_003,2026-04-22 19:15:00,1489.87
FEEDER_003,2026-04-22 19:30:00,1437.74
FEEDER_003,2026-04-22 19:45:00,1528.41
FEEDER_003,2026-04-22 20:00:00,1508.46
FEEDER_003,2026-04-22 20:15:00,1488.34
FEEDER_003,2026-04-22 20:30:00,1462.87
FEEDER_003,2026-04-22 20:45:00,1439.78
FEEDER_003,2026-04-22 21:00:00,1458.28
FEEDER_003,2026-04-22 21:15:00,1504.3
FEEDER_003,2026-04-22 21:30:00,1529.36
FEEDER_003,2026-04-22 21:45:00,1518.61
FEEDER_003,2026-04-22 22:00:00,1454.6
FEEDER_003,2026-04-22 22:15:00,1438.8
FEEDER_003,2026-04-22 22:30:00,1482.72
FEEDER_003,2026-04-22 22:45:00,1426.89
FEEDER_003,2026-04-22 23:00:00,1497.2
FEEDER_003,2026-04-22 23:15:00,1486.86
FEEDER_003,2026-04-22 23:30:00,1481.39
FEEDER_003,2026-04-22 23:45:00,1450.43
FEEDER_003,2026-04-23 00:00:00,1451.65
FEEDER_003,2026-04-23 00:15:00,1409.32
FEEDER_003,2026-04-23 00:30:00,1378.61
FEEDER_003,2026-04-23 00:45:00,1313.36
FEEDER_003,2026-04-23 01:00:00,1390.74
FEEDER_003,2026-04-23 01:15:00,1435.06
FEEDER_003,2026-04-23 01:30:00,1419.58
FEEDER_003,2026-04-23 01:45:00,1341.87
FEEDER_003,2026-04-23 02:00:00,1327.92
FEEDER_003,2026-04-23 02:15:00,1354.45
FEEDER_003,2026-04-23 02:30:00,1303.77
FEEDER_003,2026-04-23 02:45:00,1343.44
FEEDER_003,2026-04-23 03:00:00,1360.3
FEEDER_003,2026-04-23 03:15:00,1380.81
FEEDER_003,2026-04-23 03:30:00,1348.87
FEEDER_003,2026-04-23 03:45:00,1359.31
FEEDER_003,2026-04-23 04:00:00,1355.54
FEEDER_003,2026-04-23 04:15:00,1378.2
FEEDER_003,2026-04-23 04:30:00,1421.59
FEEDER_003,2026-04-23 04:45:00,1467.98
FEEDER_003,2026-04-23 05:00:00,1515.95
FEEDER_003,2026-04-23 05:15:00,1495.59
FEEDER_003,2026-04-23 05:30:00,1604.5
FEEDER_003,2026-04-23 05:45:00,1588.36
FEEDER_003,2026-04-23 06:00:00,1638.4
FEEDER_003,2026-04-23 06:15:00,1660.36
FEEDER_003,2026-04-23 06:30:00,1654.77
FEEDER_003,2026-04-23 06:45:00,1808.26
FEEDER_003,2026-04-23 07:00:00,1854.37
FEEDER_003,2026-04-23 07:15:00,1873.72
FEEDER_003,2026-04-23 07:30:00,1935.74
FEEDER_003,2026-04-23 07:45:00,1999.33
FEEDER_003,2026-04-23 08:00:00,1980.28
FEEDER_003,2026-04-23 08:15:00,2054.74
FEEDER_003,2026-04-23 08:30:00,2132.32
FEEDER_003,2026-04-23 08:45:00,2096.26
FEEDER_003,2026-04-23 09:00:00,2164.88
FEEDER_003,2026-04-23 09:15:00,2123.28
FEEDER_003,2026-04-23 09:30:00,2181.1
FEEDER_003,2026-04-23 09:45:00,2155.6
FEEDER_003,2026-04-23 10:00:00,2086.47
FEEDER_003,2026-04-23 10:15:00,2145.74
FEEDER_003,2026-04-23 10:30:00,2049.84
FEEDER_003,2026-04-23 10:45:00,2005.06
FEEDER_003,2026-04-23 11:00:00,1989.8
FEEDER_003,2026-04-23 11:15:00,1969.54
FEEDER_003,2026-04-23 11:30:00,1849.9
FEEDER_003,2026-04-23 11:45:00,1832.58
FEEDER_003,2026-04-23 12:00:00,1794.45
FEEDER_003,2026-04-23 12:15:00,1755.73
FEEDER_003,2026-04-23 12:30:00,1695.91
FEEDER_003,2026-04-23 12:45:00,1639.28
FEEDER_003,2026-04-23 13:00:00,1589.58
FEEDER_003,2026-04-23 13:15:00,1587.57
FEEDER_003,2026-04-23 13:30:00,1524.53
FEEDER_003,2026-04-23 13:45:00,1443.71
FEEDER_003,2026-04-23 14:00:00,1530.53
FEEDER_003,2026-04-23 14:15:00,1533.51
FEEDER_003,2026-04-23 14:30:00,1421.4
FEEDER_003,2026-04-23 14:45:00,1456.95
FEEDER_003,2026-04-23 15:00:00,1502.91
FEEDER_003,2026-04-23 15:15:00,1544.24
FEEDER_003,2026-04-23 15:30:00,1477.19
FEEDER_003,2026-04-23 15:45:00,1451.52
FEEDER_003,2026-04-23 16:00:00,1467.23
FEEDER_003,2026-04-23 16:15:00,1515.29
FEEDER_003,2026-04-23 16:30:00,1450.94
FEEDER_003,2026-04-23 16:45:00,1445.65
FEEDER_003,2026-04-23 17:00:00,1455.31
FEEDER_003,2026-04-23 17:15:00,1440.29
FEEDER_003,2026-04-23 17:30:00,1474.06
FEEDER_003,2026-04-23 17:45:00,1521.3
FEEDER_003,2026-04-23 18:00:00,1480.25
FEEDER_003,2026-04-23 18:15:00,1462.09
FEEDER_003,2026-04-23 18:30:00,1460.83
FEEDER_003,2026-04-23 18:45:00,1420.77
FEEDER_003,2026-04-23 19:00:00,1497.83
FEEDER_003,2026-04-23 19:15:00,1467.55
FEEDER_003,2026-04-23 19:30:00,1464.32
FEEDER_003,2026-04-23 19:45:00,1570.58
FEEDER_003,2026-04-23 20:00:00,1479.41
FEEDER_003,2026-04-23 20:15:00,1446.32
FEEDER_003,2026-04-23 20:30:00,1456.57
FEEDER_003,2026-04-23 20:45:00,1506.18
FEEDER_003,2026-04-23 21:00:00,1473.57
FEEDER_003,2026-04-23 21:15:00,1424.69
FEEDER_003,2026-04-23 21:30:00,1498.96
FEEDER_003,2026-04-23 21:45:00,1448.95
FEEDER_003,2026-04-23 22:00:00,1529.01
FEEDER_003,2026-04-23 22:15:00,1508.09
FEEDER_003,2026-04-23 22:30:00,1464.19
FEEDER_003,2026-04-23 22:45:00,1522.95
FEEDER_003,2026-04-23 23:00:00,1489.16
FEEDER_003,2026-04-23 23:15:00,1518.38
FEEDER_003,2026-04-23 23:30:00,1511.34
FEEDER_003,2026-04-23 23:45:00,1474.0
FEEDER_003,2026-04-24 00:00:00,1415.2
FEEDER_003,2026-04-24 00:15:00,1458.54
FEEDER_003,2026-04-24 00:30:00,1404.91
FEEDER_003,2026-04-24 00:45:00,1391.12
FEEDER_003,2026-04-24 01:00:00,1361.52
FEEDER_003,2026-04-24 01:15:00,1392.57
FEEDER_003,2026-04-24 01:30:00,1432.22
FEEDER_003,2026-04-24 01:45:00,1322.64
FEEDER_003,2026-04-24 02:00:00,1347.65
FEEDER_003,2026-04-24 02:15:00,1384.17
FEEDER_003,2026-04-24 02:30:00,1332.71
FEEDER_003,2026-04-24 02:45:00,1348.18
FEEDER_003,2026-04-24 03:00:00,1302.7
FEEDER_003,2026-04-24 03:15:00,1355.66
FEEDER_003,2026-04-24 03:30:00,1346.13
FEEDER_003,2026-04-24 03:45:00,1396.78
FEEDER_003,2026-04-24 04:00:00,1420.6
FEEDER_003,2026-04-24 04:15:00,1485.82
FEEDER_003,2026-04-24 04:30:00,1446.98
FEEDER_003,2026-04-24 04:45:00,1466.68
FEEDER_003,2026-04-24 05:00:00,1493.3
FEEDER_003,2026-04-24 05:15:00,1509.77
FEEDER_003,2026-04-24 05:30:00,1568.14
FEEDER_003,2026-04-24 05:45:00,1587.59
FEEDER_003,2026-04-24 06:00:00,1644.38
FEEDER_003,2026-04-24 06:15:00,1725.4
FEEDER_003,2026-04-24 06:30:00,1699.43
FEEDER_003,2026-04-24 06:45:00,1816.32
FEEDER_003,2026-04-24 07:00:00,1872.65
FEEDER_003,2026-04-24 07:15:00,1878.86
FEEDER_003,2026-04-24 07:30:00,1866.8
FEEDER_003,2026-04-24 07:45:00,1963.93
FEEDER_003,2026-04-24 08:00:00,2070.36
FEEDER_003,2026-04-24 08:15:00,2070.69
FEEDER_003,2026-04-24 08:30:00,2075.82
FEEDER_003,2026-04-24 08:45:00,2119.87
FEEDER_003,2026-04-24 09:00:00,2182.12
FEEDER_003,2026-04-24 09:15:00,2183.24
FEEDER_003,2026-04-24 09:30:00,2158.88
FEEDER_003,2026-04-24 09:45:00,2145.17
FEEDER_003,2026-04-24 10:00:00,2125.0
FEEDER_003,2026-04-24 10:15:00,2079.99
FEEDER_003,2026-04-24 10:30:00,2123.87
FEEDER_003,2026-04-24 10:45:00,2020.43
FEEDER_003,2026-04-24 11:00:00,2021.82
FEEDER_003,2026-04-24 11:15:00,1981.28
FEEDER_003,2026-04-24 11:30:00,1913.34
FEEDER_003,2026-04-24 11:45:00,1817.04
FEEDER_003,2026-04-24 12:00:00,1793.66
FEEDER_003,2026-04-24 12:15:00,1733.14
FEEDER_003,2026-04-24 12:30:00,1661.88
FEEDER_003,2026-04-24 12:45:00,1661.05
FEEDER_003,2026-04-24 13:00:00,1578.51
FEEDER_003,2026-04-24 13:15:00,1622.26
FEEDER_003,2026-04-24 13:30:00,1543.67
FEEDER_003,2026-04-24 13:45:00,1542.07
FEEDER_003,2026-04-24 14:00:00,1525.7
FEEDER_003,2026-04-24 14:15:00,1496.88
FEEDER_003,2026-04-24 14:30:00,1514.32
FEEDER_003,2026-04-24 14:45:00,1473.79
FEEDER_003,2026-04-24 15:00:00,1510.85
FEEDER_003,2026-04-24 15:15:00,1437.03
FEEDER_003,2026-04-24 15:30:00,1480.51
FEEDER_003,2026-04-24 15:45:00,1535.53
FEEDER_003,2026-04-24 16:00:00,1441.48
FEEDER_003,2026-04-24 16:15:00,1450.63
FEEDER_003,2026-04-24 16:30:00,1487.47
FEEDER_003,2026-04-24 16:45:00,1476.48
FEEDER_003,2026-04-24 17:00:00,1481.56
FEEDER_003,2026-04-24 17:15:00,1485.73
FEEDER_003,2026-04-24 17:30:00,1490.19
FEEDER_003,2026-04-24 17:45:00,1505.07
FEEDER_003,2026-04-24 18:00:00,1482.98
FEEDER_003,2026-04-24 18:15:00,1462.44
FEEDER_003,2026-04-24 18:30:00,1491.21
FEEDER_003,2026-04-24 18:45:00,1529.86
FEEDER_003,2026-04-24 19:00:00,1465.83
FEEDER_003,2026-04-24 19:15:00,1439.31
FEEDER_003,2026-04-24 19:30:00,1504.88
FEEDER_003,2026-04-24 19:45:00,1466.21
FEEDER_003,2026-04-24 20:00:00,1401.56
FEEDER_003,2026-04-24 20:15:00,1496.69
FEEDER_003,2026-04-24 20:30:00,1453.14
FEEDER_003,2026-04-24 20:45:00,1467.15
FEEDER_003,2026-04-24 21:00:00,1480.46
FEEDER_003,2026-04-24 21:15:00,1476.0
FEEDER_003,2026-04-24 21:30:00,1492.35
FEEDER_003,2026-04-24 21:45:00,1456.28
FEEDER_003,2026-04-24 22:00:00,1486.16
FEEDER_003,2026-04-24 22:15:00,1465.9
FEEDER_003,2026-04-24 22:30:00,1501.55
FEEDER_003,2026-04-24 22:45:00,1501.98
FEEDER_003,2026-04-24 23:00:00,1457.55
FEEDER_003,2026-04-24 23:15:00,1525.72
FEEDER_003,2026-04-24 23:30:00,1479.19
FEEDER_003,2026-04-24 23:45:00,1526.12
FEEDER_003,2026-04-25 00:00:00,657.53
FEEDER_003,2026-04-25 00:15:00,699.65
FEEDER_003,2026-04-25 00:30:00,629.92
FEEDER_003,2026-04-25 00:45:00,620.72
FEEDER_003,2026-04-25 01:00:00,625.61
FEEDER_003,2026-04-25 01:15:00,611.1
FEEDER_003,2026-04-25 01:30:00,640.46
FEEDER_003,2026-04-25 01:45:00,559.41
FEEDER_003,2026-04-25 02:00:00,572.91
FEEDER_003,2026-04-25 02:15:00,569.22
FEEDER_003,2026-04-25 02:30:00,630.78
FEEDER_003,2026-04-25 02:45:00,654.15
FEEDER_003,2026-04-25 03:00:00,597.99
FEEDER_003,2026-04-25 03:15:00,598.66
FEEDER_003,2026-04-25 03:30:00,610.62
FEEDER_003,2026-04-25 03:45:00,651.18
FEEDER_003,2026-04-25 04:00:00,593.23
FEEDER_003,2026-04-25 04:15:00,639.42
FEEDER_003,2026-04-25 04:30:00,673.64
FEEDER_003,2026-04-25 04:45:00,671.17
FEEDER_003,2026-04-25 05:00:00,675.2
FEEDER_003,2026-04-25 05:15:00,715.93
FEEDER_003,2026-04-25 05:30:00,615.72
FEEDER_003,2026-04-25 05:45:00,739.96
FEEDER_003,2026-04-25 06:00:00,716.98
FEEDER_003,2026-04-25 06:15:00,700.09
FEEDER_003,2026-04-25 06:30:00,795.11
FEEDER_003,2026-04-25 06:45:00,844.46
FEEDER_003,2026-04-25 07:00:00,819.69
FEEDER_003,2026-04-25 07:15:00,877.18
FEEDER_003,2026-04-25 07:30:00,920.92
FEEDER_003,2026-04-25 07:45:00,933.8
FEEDER_003,2026-04-25 08:00:00,964.94
FEEDER_003,2026-04-25 08:15:00,955.51
FEEDER_003,2026-04-25 08:30:00,950.66
FEEDER_003,2026-04-25 08:45:00,910.63
FEEDER_003,2026-04-25 09:00:00,962.29
FEEDER_003,2026-04-25 09:15:00,948.14
FEEDER_003,2026-04-25 09:30:00,1043.27
FEEDER_003,2026-04-25 09:45:00,964.99
FEEDER_003,2026-04-25 10:00:00,965.69
FEEDER_003,2026-04-25 10:15:00,966.44
FEEDER_003,2026-04-25 10:30:00,934.22
FEEDER_003,2026-04-25 10:45:00,967.16
FEEDER_003,2026-04-25 11:00:00,872.95
FEEDER_003,2026-04-25 11:15:00,876.14
FEEDER_003,2026-04-25 11:30:00,823.47
FEEDER_003,2026-04-25 11:45:00,782.21
FEEDER_003,2026-04-25 12:00:00,782.15
FEEDER_003,2026-04-25 12:15:00,779.09
FEEDER_003,2026-04-25 12:30:00,747.13
FEEDER_003,2026-04-25 12:45:00,721.07
FEEDER_003,2026-04-25 13:00:00,682.74
FEEDER_003,2026-04-25 13:15:00,710.57
FEEDER_003,2026-04-25 13:30:00,653.84
FEEDER_003,2026-04-25 13:45:00,715.02
FEEDER_003,2026-04-25 14:00:00,685.15
FEEDER_003,2026-04-25 14:15:00,631.35
FEEDER_003,2026-04-25 14:30:00,663.39
FEEDER_003,2026-04-25 14:45:00,646.25
FEEDER_003,2026-04-25 15:00:00,677.59
FEEDER_003,2026-04-25 15:15:00,707.97
FEEDER_003,2026-04-25 15:30:00,605.37
FEEDER_003,2026-04-25 15:45:00,667.13
FEEDER_003,2026-04-25 16:00:00,657.8
FEEDER_003,2026-04-25 16:15:00,683.54
FEEDER_003,2026-04-25 16:30:00,668.79
FEEDER_003,2026-04-25 16:45:00,638.18
FEEDER_003,2026-04-25 17:00:00,651.68
FEEDER_003,2026-04-25 17:15:00,636.57
FEEDER_003,2026-04-25 17:30:00,695.48
FEEDER_003,2026-04-25 17:45:00,662.22
FEEDER_003,2026-04-25 18:00:00,721.42
FEEDER_003,2026-04-25 18:15:00,659.61
FEEDER_003,2026-04-25 18:30:00,639.2
FEEDER_003,2026-04-25 18:45:00,613.82
FEEDER_003,2026-04-25 19:00:00,604.7
FEEDER_003,2026-04-25 19:15:00,611.6
FEEDER_003,2026-04-25 19:30:00,669.92
FEEDER_003,2026-04-25 19:45:00,677.53
FEEDER_003,2026-04-25 20:00:00,611.69
FEEDER_003,2026-04-25 20:15:00,689.69
FEEDER_003,2026-04-25 20:30:00,646.28
FEEDER_003,2026-04-25 20:45:00,666.12
FEEDER_003,2026-04-25 21:00:00,712.28
FEEDER_003,2026-04-25 21:15:00,689.75
FEEDER_003,2026-04-25 21:30:00,653.04
FEEDER_003,2026-04-25 21:45:00,633.43
FEEDER_003,2026-04-25 22:00:00,593.72
FEEDER_003,2026-04-25 22:15:00,640.68
FEEDER_003,2026-04-25 22:30:00,658.57
FEEDER_003,2026-04-25 22:45:00,636.07
FEEDER_003,2026-04-25 23:00:00,665.02
FEEDER_003,2026-04-25 23:15:00,673.6
FEEDER_003,2026-04-25 23:30:00,666.15
FEEDER_003,2026-04-25 23:45:00,654.82
FEEDER_003,2026-04-26 00:00:00,651.28
FEEDER_003,2026-04-26 00:15:00,655.66
FEEDER_003,2026-04-26 00:30:00,602.61
FEEDER_003,2026-04-26 00:45:00,676.17
FEEDER_003,2026-04-26 01:00:00,623.12
FEEDER_003,2026-04-26 01:15:00,621.25
FEEDER_003,2026-04-26 01:30:00,637.57
FEEDER_003,2026-04-26 01:45:00,617.67
FEEDER_003,2026-04-26 02:00:00,636.12
FEEDER_003,2026-04-26 02:15:00,611.9
FEEDER_003,2026-04-26 02:30:00,581.56
FEEDER_003,2026-04-26 02:45:00,611.66
FEEDER_003,2026-04-26 03:00:00,565.25
FEEDER_003,2026-04-26 03:15:00,607.39
FEEDER_003,2026-04-26 03:30:00,607.36
FEEDER_003,2026-04-26 03:45:00,608.02
FEEDER_003,2026-04-26 04:00:00,618.39
FEEDER_003,2026-04-26 04:15:00,572.63
FEEDER_003,2026-04-26 04:30:00,625.64
FEEDER_003,2026-04-26 04:45:00,658.31
FEEDER_003,2026-04-26 05:00:00,674.26
FEEDER_003,2026-04-26 05:15:00,652.03
FEEDER_003,2026-04-26 05:30:00,740.74
FEEDER_003,2026-04-26 05:45:00,691.32
FEEDER_003,2026-04-26 06:00:00,768.12
FEEDER_003,2026-04-26 06:15:00,771.21
FEEDER_003,2026-04-26 06:30:00,758.65
FEEDER_003,2026-04-26 06:45:00,857.11
FEEDER_003,2026-04-26 07:00:00,786.42
FEEDER_003,2026-04-26 07:15:00,876.12
FEEDER_003,2026-04-26 07:30:00,901.65
FEEDER_003,2026-04-26 07:45:00,871.26
FEEDER_003,2026-04-26 08:00:00,957.14
FEEDER_003,2026-04-26 08:15:00,924.26
FEEDER_003,2026-04-26 08:30:00,957.38
FEEDER_003,2026-04-26 08:45:00,969.3
FEEDER_003,2026-04-26 09:00:00,965.81
FEEDER_003,2026-04-26 09:15:00,1000.25
FEEDER_003,2026-04-26 09:30:00,999.88
FEEDER_003,2026-04-26 09:45:00,915.45
FEEDER_003,2026-04-26 10:00:00,1002.89
FEEDER_003,2026-04-26 10:15:00,896.7
FEEDER_003,2026-04-26 10:30:00,965.37
FEEDER_003,2026-04-26 10:45:00,949.26
FEEDER_003,2026-04-26 11:00:00,858.2
FEEDER_003,2026-04-26 11:15:00,857.07
FEEDER_003,2026-04-26 11:30:00,812.02
FEEDER_003,2026-04-26 11:45:00,817.02
FEEDER_003,2026-04-26 12:00:00,791.72
FEEDER_003,2026-04-26 12:15:00,804.81
FEEDER_003,2026-04-26 12:30:00,801.93
FEEDER_003,2026-04-26 12:45:00,786.84
FEEDER_003,2026-04-26 13:00:00,709.34
FEEDER_003,2026-04-26 13:15:00,706.59
FEEDER_003,2026-04-26 13:30:00,648.21
FEEDER_003,2026-04-26 13:45:00,665.7
FEEDER_003,2026-04-26 14:00:00,712.94
FEEDER_003,2026-04-26 14:15:00,728.16
FEEDER_003,2026-04-26 14:30:00,634.24
FEEDER_003,2026-04-26 14:45:00,651.28
FEEDER_003,2026-04-26 15:00:00,666.7
FEEDER_003,2026-04-26 15:15:00,674.57
FEEDER_003,2026-04-26 15:30:00,638.94
FEEDER_003,2026-04-26 15:45:00,676.86
FEEDER_003,2026-04-26 16:00:00,647.92
FEEDER_003,2026-04-26 16:15:00,661.93
FEEDER_003,2026-04-26 16:30:00,679.29
FEEDER_003,2026-04-26 16:45:00,662.07
FEEDER_003,2026-04-26 17:00:00,647.99
FEEDER_003,2026-04-26 17:15:00,658.19
FEEDER_003,2026-04-26 17:30:00,658.81
FEEDER_003,2026-04-26 17:45:00,649.9
FEEDER_003,2026-04-26 18:00:00,653.38
FEEDER_003,2026-04-26 18:15:00,711.88
FEEDER_003,2026-04-26 18:30:00,679.18
FEEDER_003,2026-04-26 18:45:00,652.2
FEEDER_003,2026-04-26 19:00:00,683.46
FEEDER_003,2026-04-26 19:15:00,650.99
FEEDER_003,2026-04-26 19:30:00,698.45
FEEDER_003,2026-04-26 19:45:00,673.14
FEEDER_003,2026-04-26 20:00:00,658.12
FEEDER_003,2026-04-26 20:15:00,675.6
FEEDER_003,2026-04-26 20:30:00,612.02
FEEDER_003,2026-04-26 20:45:00,626.01
FEEDER_003,2026-04-26 21:00:00,623.89
FEEDER_003,2026-04-26 21:15:00,666.0
FEEDER_003,2026-04-26 21:30:00,716.07
FEEDER_003,2026-04-26 21:45:00,731.79
FEEDER_003,2026-04-26 22:00:00,681.6
FEEDER_003,2026-04-26 22:15:00,679.11
FEEDER_003,2026-04-26 22:30:00,608.49
FEEDER_003,2026-04-26 22:45:00,650.08
FEEDER_003,2026-04-26 23:00:00,644.34
FEEDER_003,2026-04-26 23:15:00,651.62
FEEDER_003,2026-04-26 23:30:00,667.94
FEEDER_003,2026-04-26 23:45:00,660.43
FEEDER_003,2026-04-27 00:00:00,1373.13
FEEDER_003,2026-04-27 00:15:00,1449.66
FEEDER_003,2026-04-27 00:30:00,1381.67
FEEDER_003,2026-04-27 00:45:00,1411.37
FEEDER_003,2026-04-27 01:00:00,1456.94
FEEDER_003,2026-04-27 01:15:00,1350.27
FEEDER_003,2026-04-27 01:30:00,1287.55
FEEDER_003,2026-04-27 01:45:00,1347.26
FEEDER_003,2026-04-27 02:00:00,1381.56
FEEDER_003,2026-04-27 02:15:00,1401.38
FEEDER_003,2026-04-27 02:30:00,1296.49
FEEDER_003,2026-04-27 02:45:00,1349.58
FEEDER_003,2026-04-27 03:00:00,1321.51
FEEDER_003,2026-04-27 03:15:00,1338.83
FEEDER_003,2026-04-27 03:30:00,1435.32
FEEDER_003,2026-04-27 03:45:00,1318.39
FEEDER_003,2026-04-27 04:00:00,1391.19
FEEDER_003,2026-04-27 04:15:00,1418.98
FEEDER_003,2026-04-27 04:30:00,1462.92
FEEDER_003,2026-04-27 04:45:00,1459.5
FEEDER_003,2026-04-27 05:00:00,1496.88
FEEDER_003,2026-04-27 05:15:00,1508.55
FEEDER_003,2026-04-27 05:30:00,1565.96
FEEDER_003,2026-04-27 05:45:00,1586.09
FEEDER_003,2026-04-27 06:00:00,1658.65
FEEDER_003,2026-04-27 06:15:00,1672.25
FEEDER_003,2026-04-27 06:30:00,1743.01
FEEDER_003,2026-04-27 06:45:00,1779.49
FEEDER_003,2026-04-27 07:00:00,1866.63
FEEDER_003,2026-04-27 07:15:00,1880.96
FEEDER_003,2026-04-27 07:30:00,1877.78
FEEDER_003,2026-04-27 07:45:00,2022.83
FEEDER_003,2026-04-27 08:00:00,2000.97
FEEDER_003,2026-04-27 08:15:00,2050.82
FEEDER_003,2026-04-27 08:30:00,2088.53
FEEDER_003,2026-04-27 08:45:00,2179.06
FEEDER_003,2026-04-27 09:00:00,2088.36
FEEDER_003,2026-04-27 09:15:00,2264.85
FEEDER_003,2026-04-27 09:30:00,2199.67
FEEDER_003,2026-04-27 09:45:00,2163.76
FEEDER_003,2026-04-27 10:00:00,2135.61
FEEDER_003,2026-04-27 10:15:00,2118.04
FEEDER_003,2026-04-27 10:30:00,2089.4
FEEDER_003,2026-04-27 10:45:00,2050.91
FEEDER_003,2026-04-27 11:00:00,2000.98
FEEDER_003,2026-04-27 11:15:00,1936.18
FEEDER_003,2026-04-27 11:30:00,1875.68
FEEDER_003,2026-04-27 11:45:00,1825.87
FEEDER_003,2026-04-27 12:00:00,1774.8
FEEDER_003,2026-04-27 12:15:00,1769.61
FEEDER_003,2026-04-27 12:30:00,1709.05
FEEDER_003,2026-04-27 12:45:00,1558.22
FEEDER_003,2026-04-27 13:00:00,1636.31
FEEDER_003,2026-04-27 13:15:00,1590.99
FEEDER_003,2026-04-27 13:30:00,1557.71
FEEDER_003,2026-04-27 13:45:00,1523.5
FEEDER_003,2026-04-27 14:00:00,1552.19
FEEDER_003,2026-04-27 14:15:00,1534.88
FEEDER_003,2026-04-27 14:30:00,1471.49
FEEDER_003,2026-04-27 14:45:00,1501.58
FEEDER_003,2026-04-27 15:00:00,1452.8
FEEDER_003,2026-04-27 15:15:00,1435.97
FEEDER_003,2026-04-27 15:30:00,1456.79
FEEDER_003,2026-04-27 15:45:00,1501.62
FEEDER_003,2026-04-27 16:00:00,1503.01
FEEDER_003,2026-04-27 16:15:00,1488.14
FEEDER_003,2026-04-27 16:30:00,1494.13
FEEDER_003,2026-04-27 16:45:00,1487.08
FEEDER_003,2026-04-27 17:00:00,1450.31
FEEDER_003,2026-04-27 17:15:00,1483.93
FEEDER_003,2026-04-27 17:30:00,1495.41
FEEDER_003,2026-04-27 17:45:00,1493.88
FEEDER_003,2026-04-27 18:00:00,1507.52
FEEDER_003,2026-04-27 18:15:00,1492.35
FEEDER_003,2026-04-27 18:30:00,1481.09
FEEDER_003,2026-04-27 18:45:00,1503.72
FEEDER_003,2026-04-27 19:00:00,1469.17
FEEDER_003,2026-04-27 19:15:00,1442.23
FEEDER_003,2026-04-27 19:30:00,1464.87
FEEDER_003,2026-04-27 19:45:00,1446.54
FEEDER_003,2026-04-27 20:00:00,1448.73
FEEDER_003,2026-04-27 20:15:00,1465.45
FEEDER_003,2026-04-27 20:30:00,1445.04
FEEDER_003,2026-04-27 20:45:00,1460.3
FEEDER_003,2026-04-27 21:00:00,1410.35
FEEDER_003,2026-04-27 21:15:00,1476.72
FEEDER_003,2026-04-27 21:30:00,1470.04
FEEDER_003,2026-04-27 21:45:00,1444.26
FEEDER_003,2026-04-27 22:00:00,1490.77
FEEDER_003,2026-04-27 22:15:00,1503.61
FEEDER_003,2026-04-27 22:30:00,1427.64
FEEDER_003,2026-04-27 22:45:00,1458.57
FEEDER_003,2026-04-27 23:00:00,1462.79
FEEDER_003,2026-04-27 23:15:00,1461.91
FEEDER_003,2026-04-27 23:30:00,1522.2
FEEDER_003,2026-04-27 23:45:00,1494.56
